nm_name,st_name_clean,st_name,nm_city,st_area,st_road,st_address,st_url,st_score,st_price,st_total_com,st_tag,longitude,latitude
寧夏夜市,寧夏夜市,寧夏夜市-爆漿脆皮魷魚,台北市,大同區,,第89攤 ,https://www.google.com/maps/place/%E5%AF%A7%E5%A4%8F%E5%A4%9C%E5%B8%82-%E7%88%86%E6%BC%BF%E8%84%86%E7%9A%AE%E9%AD%B7%E9%AD%9A/data=!4m7!3m6!1s0x3442a9c2cf6e4aab:0x5e53146c9bbeb952!8m2!3d25.0560564!4d121.5154202!16s%2Fg%2F11sfg7g_1_!19sChIJq0puz8KpQjQRUrm-m2wUU14?authuser=0&hl=zh-TW&rclk=1,4.1,$1-200,606,"小黃瓜,椒鹽,炸魷魚,排隊,豆薯,芥末,粉,水梨,荸薺,尤卡",25.0560564,121.5154202
寧夏夜市,菇之居,菇之居,台北市,大同區,, ,https://www.google.com/maps/place/%E8%8F%87%E4%B9%8B%E5%B1%85/data=!4m7!3m6!1s0x3442a958b457c1ff:0x6c584ab78197deb4!8m2!3d25.0560564!4d121.5154024!16s%2Fg%2F11q3vkfy77!19sChIJ_8FXtFipQjQRtN6XgbdKWGw?authuser=0&hl=zh-TW&rclk=1,4.6,$1-200,51,"炸,金針菇,秀珍菇,週六,qq,玉米筍,香菇,碗,酥脆",25.0560564,121.5154024
寧夏夜市,詹記無骨排骨酥,詹記無骨排骨酥（寧夏夜市）,台北市,大同區,,015 ,https://www.google.com/maps/place/%E8%A9%B9%E8%A8%98%E7%84%A1%E9%AA%A8%E6%8E%92%E9%AA%A8%E9%85%A5%EF%BC%88%E5%AF%A7%E5%A4%8F%E5%A4%9C%E5%B8%82%EF%BC%89/data=!4m7!3m6!1s0x3442a940ad1a5e09:0x64efc3080976ed7d!8m2!3d25.0569552!4d121.515799!16s%2Fg%2F11tjmn8sht!19sChIJCV4arUCpQjQRfe12CQjD72Q?authuser=0&hl=zh-TW&rclk=1,4.3,$1-200,47,"肉,炸,麻辣,價格,湯麵",25.0569552,121.515799
寧夏夜市,林記麻辣臭豆腐,林記麻辣臭豆腐,台北市,大同區,,攤位 ,https://www.google.com/maps/place/%E6%9E%97%E8%A8%98%E9%BA%BB%E8%BE%A3%E8%87%AD%E8%B1%86%E8%85%90/data=!4m7!3m6!1s0x3442a94000aa8d15:0x52753e016c3c5c12!8m2!3d25.0561251!4d121.515451!16s%2Fg%2F11h17hryp!19sChIJFY2qAECpQjQRElw8bAE-dVI?authuser=0&hl=zh-TW&rclk=1,3.9,$1-200,456,"魚乾,鴨血,大腸,豆皮,泡菜,高麗菜,王子麵,麵線,炸臭豆腐,冬粉",25.0561251,121.515451
寧夏夜市,宏冠土魠魚羹,宏冠土魠魚羹,台北市,大同區,, ,https://www.google.com/maps/place/%E5%AE%8F%E5%86%A0%E5%9C%9F%E9%AD%A0%E9%AD%9A%E7%BE%B9/data=!4m7!3m6!1s0x3442a93faaaaaaab:0xe8e52c88a057d997!8m2!3d25.0555386!4d121.5151667!16s%2Fg%2F1tdkph45!19sChIJq6qqqj-pQjQRl9lXoIgs5eg?authuser=0&hl=zh-TW&rclk=1,3.8,$1-200,308,"滷肉飯,湯,炸,醋,寧夏夜市,炒米粉,魚塊,魚卵,勾芡,魚蛋",25.0555386,121.5151667
寧夏夜市,寧夏牛排,寧夏牛排,台北市,大同區,, 攤號103 ** ,https://www.google.com/maps/place/%E5%AF%A7%E5%A4%8F%E7%89%9B%E6%8E%92/data=!4m7!3m6!1s0x3442a96b234f0329:0x1e7ac7cea182abf!8m2!3d25.0558229!4d121.5152464!16s%2Fg%2F11ggzcjghf!19sChIJKQNPI2upQjQRvyoY6nys5wE?authuser=0&hl=zh-TW&rclk=1,3.9,$1-200,93,"夜市,煎,麵,價格,雙拼,紅茶,環保,美食,吝嗇,杯",25.0558229,121.5152464
寧夏夜市,兩點綠豆沙,兩點綠豆沙,台北市,大同區,,第16攤 ,https://www.google.com/maps/place/%E5%85%A9%E9%BB%9E%E7%B6%A0%E8%B1%86%E6%B2%99/data=!4m7!3m6!1s0x3442a9c9888cde27:0xfffa2de96343a96c!8m2!3d25.0568224!4d121.5154123!16s%2Fg%2F11p028bybh!19sChIJJ96MiMmpQjQRbKlDY-kt-v8?authuser=0&hl=zh-TW&rclk=1,4.4,,50,"價格,牛奶,冰沙,現金,杯,夏天",25.0568224,121.5154123
寧夏夜市,美華現煮海鮮麵,美華現煮海鮮麵,台北市,大同區,,051攤號 ,https://www.google.com/maps/place/%E7%BE%8E%E8%8F%AF%E7%8F%BE%E7%85%AE%E6%B5%B7%E9%AE%AE%E9%BA%B5/data=!4m7!3m6!1s0x3442a99b8ed6c7a1:0xec237f4aaaaa87b4!8m2!3d25.0565858!4d121.5155761!16s%2Fg%2F11n5sdb7hp!19sChIJocfWjpupQjQRtIeqqkp_I-w?authuser=0&hl=zh-TW&rclk=1,4.6,,21,"甜,蛤蜊,小卷,烏龍麵,價格",25.0565858,121.5155761
寧夏夜市,寧夏夜市,寧夏夜市-正港高雄！烤黑輪片,台北市,大同區,, ,https://www.google.com/maps/place/%E5%AF%A7%E5%A4%8F%E5%A4%9C%E5%B8%82-%E6%AD%A3%E6%B8%AF%E9%AB%98%E9%9B%84%EF%BC%81%E7%83%A4%E9%BB%91%E8%BC%AA%E7%89%87/data=!4m7!3m6!1s0x3442a99463b12d07:0x89e672a36fb26f08!8m2!3d25.056394!4d121.5153051!16s%2Fg%2F11jzsd929p!19sChIJBy2xY5SpQjQRCG-yb6Ny5ok?authuser=0&hl=zh-TW&rclk=1,2.6,,9,醬汁,25.056394,121.5153051
寧夏夜市,魷皇駕到,魷皇駕到,台北市,大同區,, ,https://www.google.com/maps/place/%E9%AD%B7%E7%9A%87%E9%A7%95%E5%88%B0/data=!4m7!3m6!1s0x3442a928946839b7:0x606d527a6b771258!8m2!3d25.0562572!4d121.5153568!16s%2Fg%2F11s5dyp6__!19sChIJtzlolCipQjQRWBJ3a3pSbWA?authuser=0&hl=zh-TW&rclk=1,3.8,$1-200,97,"魷魚,洋蔥,椒鹽,口味,口感,排,孜然,檸檬汁,調味,夜市",25.0562572,121.5153568
寧夏夜市,寧夏夜市魷魚焿,寧夏夜市魷魚焿,台北市,大同區,, ,https://www.google.com/maps/place/%E5%AF%A7%E5%A4%8F%E5%A4%9C%E5%B8%82%E9%AD%B7%E9%AD%9A%E7%84%BF/data=!4m7!3m6!1s0x3442a90726fe8a91:0x19281f9d68cc0984!8m2!3d25.0564543!4d121.5153197!16s%2Fg%2F11fd4v15mk!19sChIJkYr-JgepQjQRhAnMaJ0fKBk?authuser=0&hl=zh-TW&rclk=1,3.5,$1-200,27,"米粉,羹,碗,餐,勾芡,炒,辣椒",25.0564543,121.5153197
寧夏夜市,FUN SUN G,FUN SUN G,台北市,大同區,,071號攤位 ,https://www.google.com/maps/place/FUN+SUN+G/data=!4m7!3m6!1s0x3442a935b4ba9941:0x559ca771b0a05ecf!8m2!3d25.0562122!4d121.515457!16s%2Fg%2F11fd4l9fj1!19sChIJQZm6tDWpQjQRz16gsHGnnFU?authuser=0&hl=zh-TW&rclk=1,3.5,$1-200,160,"雞排,炸,汁,孜然,粉,辣,醃,夜市,熊貓,梅",25.0562122,121.515457
寧夏夜市,花后,花后-花枝燒,台北市,大同區,, ,https://www.google.com/maps/place/%E8%8A%B1%E5%90%8E-%E8%8A%B1%E6%9E%9D%E7%87%92/data=!4m7!3m6!1s0x3442a94f09fb80bd:0x2e06e0f37e85f952!8m2!3d25.0563776!4d121.5154103!16s%2Fg%2F11k4m5zr4f!19sChIJvYD7CU-pQjQRUvmFfvPgBi4?authuser=0&hl=zh-TW&rclk=1,4.5,,23,"炸,整塊,椒鹽,甜,選擇,芥末,蜂蜜,夜市,調味,辣",25.0563776,121.5154103
寧夏夜市,古早味愛玉,古早味愛玉,台北市,大同區,,137攤 ,https://www.google.com/maps/place/%E5%8F%A4%E6%97%A9%E5%91%B3%E6%84%9B%E7%8E%89/data=!4m7!3m6!1s0x3442a90e94c09337:0x7ab5f7de548f1b2a!8m2!3d25.0563583!4d121.5154108!16s%2Fg%2F11t4bx13t9!19sChIJN5PAlA6pQjQRKhuPVN73tXo?authuser=0&hl=zh-TW&rclk=1,4.9,,9,"阿姨,酸甜,檸檬",25.0563583,121.5154108
寧夏夜市,魚鮮生綜合生魚片,魚鮮生綜合生魚片,台北市,大同區,,北側 ,https://www.google.com/maps/place/%E9%AD%9A%E9%AE%AE%E7%94%9F%E7%B6%9C%E5%90%88%E7%94%9F%E9%AD%9A%E7%89%87/data=!4m7!3m6!1s0x3442a93faaaaaaab:0x76efe0e0f07eb652!8m2!3d25.0569902!4d121.5162686!16s%2Fg%2F1wzt01v5!19sChIJq6qqqj-pQjQRUrZ-8ODg73Y?authuser=0&hl=zh-TW&rclk=1,3.6,,45,"價格,鮭魚,夜市,軟絲,甜蝦",25.0569902,121.5162686
寧夏夜市,曾家鮮果汁,曾家鮮果汁,台北市,大同區,,內 ,https://www.google.com/maps/place/%E6%9B%BE%E5%AE%B6%E9%AE%AE%E6%9E%9C%E6%B1%81/data=!4m7!3m6!1s0x3442a96b23c40233:0xc3c380e780d3abb8!8m2!3d25.0561428!4d121.5151479!16s%2Fg%2F12m9kx4bv!19sChIJMwLEI2upQjQRuKvTgOeAw8M?authuser=0&hl=zh-TW&rclk=1,3.3,$1-200,236,"杯,木瓜牛奶,酪梨,夜市,芭樂,布丁,柳橙汁,臉,綜合果汁,西瓜汁",25.0561428,121.5151479
寧夏夜市,寧夏夜市鳥蛋達人,寧夏夜市鳥蛋達人,台北市,大同區,,29攤 ,https://www.google.com/maps/place/%E5%AF%A7%E5%A4%8F%E5%A4%9C%E5%B8%82%E9%B3%A5%E8%9B%8B%E9%81%94%E4%BA%BA/data=!4m7!3m6!1s0x3442a9e7519069b9:0x6d448928de3780da!8m2!3d25.0563772!4d121.5154134!16s%2Fg%2F11thxv27zr!19sChIJuWmQUeepQjQR2oA33iiJRG0?authuser=0&hl=zh-TW&rclk=1,3.8,,19,"油,煎,起司,胡椒,價格",25.0563772,121.5154134
寧夏夜市,阿卡拉炸雞,阿卡拉炸雞,台北市,大同區,,078號攤位號 ,https://www.google.com/maps/place/%E9%98%BF%E5%8D%A1%E6%8B%89%E7%82%B8%E9%9B%9E/data=!4m7!3m6!1s0x3442a927480db3e5:0x487680c4e9e9868b!8m2!3d25.0566808!4d121.5153641!16s%2Fg%2F11sf2hx66z!19sChIJ5bMNSCepQjQRi4bp6cSAdkg?authuser=0&hl=zh-TW&rclk=1,3.9,$1-200,26,"腿,排,地瓜,梅,酥脆",25.0566808,121.5153641
寧夏夜市,冰哨酪梨牛奶,冰哨酪梨牛奶,台北市,大同區,,103 ,https://www.google.com/maps/place/%E5%86%B0%E5%93%A8%E9%85%AA%E6%A2%A8%E7%89%9B%E5%A5%B6/data=!4m7!3m6!1s0x3442a93faaaaaaab:0x2acae5c146597cdd!8m2!3d25.0556201!4d121.5151945!16s%2Fg%2F11h0ksyzq!19sChIJq6qqqj-pQjQR3XxZRsHlyio?authuser=0&hl=zh-TW&rclk=1,4.3,$1-200,76,"布丁,甜,價格,寧夏夜市,木瓜牛奶,杯,苦",25.0556201,121.5151945
寧夏夜市,飛天火爆骰子牛,飛天火爆骰子牛,台北市,大同區,,第89攤 ,https://www.google.com/maps/place/%E9%A3%9B%E5%A4%A9%E7%81%AB%E7%88%86%E9%AA%B0%E5%AD%90%E7%89%9B/data=!4m7!3m6!1s0x3442a99ce544c763:0x84fb2b993249e9e2!8m2!3d25.0560556!4d121.5154233!16s%2Fg%2F11l2p2zhlc!19sChIJY8dE5ZypQjQR4ulJMpkr-4Q?authuser=0&hl=zh-TW&rclk=1,3.4,$1-200,7,烤,25.0560556,121.5154233
寧夏夜市,放羊吃草新疆羊肉串,放羊吃草新疆羊肉串,台北市,大同區,, ,https://www.google.com/maps/place/%E6%94%BE%E7%BE%8A%E5%90%83%E8%8D%89%E6%96%B0%E7%96%86%E7%BE%8A%E8%82%89%E4%B8%B2/data=!4m7!3m6!1s0x3442a9f6db7b9abd:0x941a08356e5cc0e2!8m2!3d25.056394!4d121.5153051!16s%2Fg%2F11sf7zk9xt!19sChIJvZp72_apQjQR4sBcbjUIGpQ?authuser=0&hl=zh-TW&rclk=1,3.3,$1-200,41,"孜然,香,調味,夜市,鹹,鹿肉,零錢,抽煙,故意,臉",25.056394,121.5153051
寧夏夜市,好吸飲料店,好吸飲料店,台北市,大同區,, ,https://www.google.com/maps/place/%E5%A5%BD%E5%90%B8%E9%A3%B2%E6%96%99%E5%BA%97/data=!4m7!3m6!1s0x3442a963d9a508f1:0x8bd6b3973a5d49c2!8m2!3d25.0556497!4d121.5152022!16s%2Fg%2F11jt4hnyv8!19sChIJ8Qil2WOpQjQRwkldOpez1os?authuser=0&hl=zh-TW&rclk=1,1.8,$1-200,4,"西瓜,酸",25.0556497,121.5152022
東大門夜市,亮點藝術玻璃,亮點藝術玻璃,花蓮縣,花蓮市,,G46,"https://www.google.com/maps/place/%E4%BA%AE%E9%BB%9E%E8%97%9D%E8%A1%93%E7%8E%BB%E7%92%83/@23.9718702,121.6081791,17z/data=!3m1!4b1!4m6!3m5!1s0x34689febda3f96f7:0xfd7f5b2200d11a11!8m2!3d23.9718702!4d121.610754!16s%2Fg%2F11fy4nsr40?entry=ttu&g_ep=EgoyMDI1MDQyMS4wIKXMDSoJLDEwMjExNDUzSAFQAw%3D%3D",5.0,,2,,23.9718702,121.610754
東大門夜市,東大門福町夜市C10攤位,東大門福町夜市C10攤位(愛丸棺材板),花蓮縣,花蓮市,,C10攤位,"https://www.google.com/maps/place/%E6%9D%B1%E5%A4%A7%E9%96%80%E7%A6%8F%E7%94%BA%E5%A4%9C%E5%B8%82C10%E6%94%A4%E4%BD%8D(%E6%84%9B%E4%B8%B8%E6%A3%BA%E6%9D%90%E6%9D%BF)/@23.9737294,121.6089191,17z/data=!3m1!4b1!4m6!3m5!1s0x34689f8f9f5ecebd:0x513334c53c55f47e!8m2!3d23.9737294!4d121.611494!16s%2Fg%2F11v5t3pk7y?entry=ttu&g_ep=EgoyMDI1MDQyMS4wIKXMDSoJLDEwMjExNDUzSAFQAw%3D%3D",4.0,,1,,23.9737294,121.611494
東大門夜市,豬大郎豬血糕,豬大郎豬血糕,花蓮縣,花蓮市,, 原住民,"https://www.google.com/maps/place/%E8%B1%AC%E5%A4%A7%E9%83%8E%E8%B1%AC%E8%A1%80%E7%B3%95/@23.9722085,121.6095969,17z/data=!3m1!4b1!4m6!3m5!1s0x34689fc9839c103b:0x8ab5963c51a1b926!8m2!3d23.9722085!4d121.6121718!16s%2Fg%2F11t4hcqnpl?entry=ttu&g_ep=EgoyMDI1MDQyMS4wIKXMDSoJLDEwMjExNDUzSAFQAw%3D%3D",3.6,$1-200,37,"花生粉,香菜,價格,米酒,辣醬,米血,注意,蒸",23.9722085,121.6121718
東大門夜市,泰哥Tiger泰式手沖奶茶,泰哥Tiger泰式手沖奶茶,花蓮縣,花蓮市,,C32,"https://www.google.com/maps/place/%E6%B3%B0%E5%93%A5Tiger%E6%B3%B0%E5%BC%8F%E6%89%8B%E6%B2%96%E5%A5%B6%E8%8C%B6/@23.9727192,121.6091624,17z/data=!3m1!4b1!4m6!3m5!1s0x34689fa0e11afa0b:0x6128b08d5842128b!8m2!3d23.9727192!4d121.6117373!16s%2Fg%2F11q40h5wqf?entry=ttu&g_ep=EgoyMDI1MDQyMS4wIKXMDSoJLDEwMjExNDUzSAFQAw%3D%3D",3.4,$1-200,63,"甜,飲品,泰式奶茶,道,價格,夜市,蓋子,檸茶,冰塊,臉",23.9727192,121.6117373
東大門夜市,喜樂冰品,喜樂冰品-花蓮東大門夜夜市E23,花蓮縣,花蓮市,,970花蓮縣花蓮市,"https://www.google.com/maps/place/%E5%96%9C%E6%A8%82%E5%86%B0%E5%93%81-%E8%8A%B1%E8%93%AE%E6%9D%B1%E5%A4%A7%E9%96%80%E5%A4%9C%E5%A4%9C%E5%B8%82E23/@23.9718991,121.6095972,17z/data=!3m1!4b1!4m6!3m5!1s0x34689fdd57249cd5:0x82b9dc5d9b651d3f!8m2!3d23.9718991!4d121.6121721!16s%2Fg%2F11l33b6759?entry=ttu&g_ep=EgoyMDI1MDQyMS4wIKXMDSoJLDEwMjExNDUzSAFQAw%3D%3D",4.0,$1-200,11,"牛奶,木瓜,蘋果,價格",23.9718991,121.6121721
東大門夜市,億大雪花冰,億大雪花冰,花蓮縣,花蓮市,,",自強夜市2區,D44號攤位","https://www.google.com/maps/place/%E5%84%84%E5%A4%A7%E9%9B%AA%E8%8A%B1%E5%86%B0/@23.9711858,121.6084294,17z/data=!3m1!4b1!4m6!3m5!1s0x34689febdfd472f1:0xca190a1f9059859c!8m2!3d23.9711858!4d121.6110043!16s%2Fg%2F11gc43b1wc?entry=ttu&g_ep=EgoyMDI1MDQyMS4wIKXMDSoJLDEwMjExNDUzSAFQAw%3D%3D",4.9,,551,"花生,苦,蔓越莓,腰果,百香果,哈密瓜,酸酸甜甜,冰磚,香蕉,專利",23.9711858,121.6110043
東大門夜市,蛤蜊波特熱炒燒烤Bar,蛤蜊波特熱炒燒烤Bar(哈力坡特熱炒燒烤),花蓮縣,花蓮市,,中山門C23,"https://www.google.com/maps/place/%E8%9B%A4%E8%9C%8A%E6%B3%A2%E7%89%B9%E7%86%B1%E7%82%92%E7%87%92%E7%83%A4Bar%EF%BC%88%E5%93%88%E5%8A%9B%E5%9D%A1%E7%89%B9%E7%86%B1%E7%82%92%E7%87%92%E7%83%A4%EF%BC%89/@23.9729893,121.6095635,17z/data=!3m1!4b1!4m6!3m5!1s0x34689f262a281b8d:0x837f1e0b9805a081!8m2!3d23.9729893!4d121.6121384!16s%2Fg%2F11s_zq8m8x?entry=ttu&g_ep=EgoyMDI1MDQyMS4wIKXMDSoJLDEwMjExNDUzSAFQAw%3D%3D",3.2,$200-400,145,"炒飯,價格,蝦,夜市,桌,外送,水蓮,店員,料理,三溫暖",23.9729893,121.6121384
東大門夜市,尚品滷滷味味,尚品滷滷味味,花蓮縣,花蓮市,,自強夜市第二區D43,"https://www.google.com/maps/place/%E5%B0%9A%E5%93%81%E6%BB%B7%E6%BB%B7%E5%91%B3%E5%91%B3/@23.9711995,121.6084662,17z/data=!3m1!4b1!4m6!3m5!1s0x34689f430d254625:0xac257b90252c1073!8m2!3d23.9711995!4d121.6110411!16s%2Fg%2F11gk8nhb66?entry=ttu&g_ep=EgoyMDI1MDQyMS4wIKXMDSoJLDEwMjExNDUzSAFQAw%3D%3D",2.8,$1-200,50,"蔬菜,夜市,醬油,碗,垃圾桶,雷,火鍋,臭,衛生,外帶",23.9711995,121.6110411
東大門夜市,花蓮銅板燒干貝,花蓮銅板燒干貝,花蓮縣,花蓮市,,E38,"https://www.google.com/maps/place/%E8%8A%B1%E8%93%AE%E9%8A%85%E6%9D%BF%E7%87%92%E5%B9%B2%E8%B2%9D/@23.9719575,121.6080408,17z/data=!3m1!4b1!4m6!3m5!1s0x34689f0150190c5b:0xa50c5baef60a9afb!8m2!3d23.9719575!4d121.6106157!16s%2Fg%2F11pccygrtl?entry=ttu&g_ep=EgoyMDI1MDQyMS4wIKXMDSoJLDEwMjExNDUzSAFQAw%3D%3D",4.8,$200-400,603,"生蠔,cp值,扇貝,甜,座位,串,透明,生啤,食材,鮑魚",23.9719575,121.6106157
東大門夜市,花蓮東大門 阿蜜斯的小孩,花蓮東大門 阿蜜斯的小孩-馬告香腸,花蓮縣,花蓮市,,自強夜市E43攤,"https://www.google.com/maps/place/%E8%8A%B1%E8%93%AE%E6%9D%B1%E5%A4%A7%E9%96%80+%E9%98%BF%E8%9C%9C%E6%96%AF%E7%9A%84%E5%B0%8F%E5%AD%A9-%E9%A6%AC%E5%91%8A%E9%A6%99%E8%85%B8/@23.9717819,121.6077746,17z/data=!3m1!4b1!4m6!3m5!1s0x34689f95fb4ea15d:0x4bcbc68ba0c9fbdd!8m2!3d23.9717819!4d121.6103495!16s%2Fg%2F11r_tz6_m9?entry=ttu&g_ep=EgoyMDI1MDQyMS4wIKXMDSoJLDEwMjExNDUzSAFQAw%3D%3D",2.7,$1-200,25,"烤,大腸包小腸,豬肉,冷,米腸,盒子,臭,汁,夜市,卵",23.9717819,121.6103495
東大門夜市,呂記鮮果汁,呂記鮮果汁,花蓮縣,花蓮市,,花蓮縣,"https://www.google.com/maps/place/%E5%91%82%E8%A8%98%E9%AE%AE%E6%9E%9C%E6%B1%81/@23.9708894,121.6082186,17z/data=!3m1!4b1!4m6!3m5!1s0x34689febe41837bf:0xbac1c95733d205af!8m2!3d23.9708894!4d121.6107935!16s%2Fg%2F11f130t33v?entry=ttu&g_ep=EgoyMDI1MDQyMS4wIKXMDSoJLDEwMjExNDUzSAFQAw%3D%3D",4.0,$1-200,88,"價格,西瓜汁,木瓜牛奶,杯,甜,酪梨,夜市,鳳梨,綠豆,果糖",23.9708894,121.6107935
東大門夜市,東大門夜市茶坑小巷各省一條街G49號,東大門夜市茶坑小巷各省一條街G49號,花蓮縣,花蓮市,,茶坑,"https://www.google.com/maps/place/%E6%9D%B1%E5%A4%A7%E9%96%80%E5%A4%9C%E5%B8%82%E8%8C%B6%E5%9D%91%E5%B0%8F%E5%B7%B7%E5%90%84%E7%9C%81%E4%B8%80%E6%A2%9D%E8%A1%97G49%E8%99%9F/@23.9716101,121.6082994,17z/data=!3m1!4b1!4m6!3m5!1s0x34689fc54f7881b3:0x52f624d6c0ad25f7!8m2!3d23.9716101!4d121.6108743!16s%2Fg%2F11k45qss5t?entry=ttu&g_ep=EgoyMDI1MDQyMS4wIKXMDSoJLDEwMjExNDUzSAFQAw%3D%3D",4.9,$1-200,237,"珠珠,綠茶,冬瓜茶,檸檬,伯爵,百香,跌倒,泉,桔,烏龍茶",23.9716101,121.6108743
東大門夜市,大福雞排,大福雞排-花蓮東大門店,花蓮縣,花蓮市,,E75,"https://www.google.com/maps/place/%E5%A4%A7%E7%A6%8F%E9%9B%9E%E6%8E%92-%E8%8A%B1%E8%93%AE%E6%9D%B1%E5%A4%A7%E9%96%80%E5%BA%97/@23.9708869,121.6080459,17z/data=!3m1!4b1!4m6!3m5!1s0x34689f99b399b973:0x62cfce245d0e24b9!8m2!3d23.9708869!4d121.6106208!16s%2Fg%2F11rd_mtm08?entry=ttu&g_ep=EgoyMDI1MDQyMS4wIKXMDSoJLDEwMjExNDUzSAFQAw%3D%3D",4.2,$1-200,38,"炸,價格,汁,柴,雞腿,熱肉,辣粉,雞胸肉,醃,湯",23.9708869,121.6106208
東大門夜市,橙緣四季甜湯,橙緣四季甜湯,花蓮縣,花蓮市,,E67,"https://www.google.com/maps/place/%E6%A9%99%E7%B7%A3%E5%9B%9B%E5%AD%A3%E7%94%9C%E6%B9%AF/@23.9710174,121.608407,17z/data=!3m1!4b1!4m6!3m5!1s0x34689febd0f90e69:0x5453308bae51bb4c!8m2!3d23.9710174!4d121.6109819!16s%2Fg%2F11h9x4kw19?entry=ttu&g_ep=EgoyMDI1MDQyMS4wIKXMDSoJLDEwMjExNDUzSAFQAw%3D%3D",4.8,$1-200,47,"芋圓,地瓜,豆花,紅豆湯,仙草,夜市,粿,薏仁,牛奶,有嚼勁",23.9710174,121.6109819
東大門夜市,吉香炸蛋蔥油餅,吉香炸蛋蔥油餅(東大門自強夜市E39),花蓮縣,花蓮市,,E39吉香炸蛋蔥油餅,"https://www.google.com/maps/place/%E5%90%89%E9%A6%99%E7%82%B8%E8%9B%8B%E8%94%A5%E6%B2%B9%E9%A4%85(%E6%9D%B1%E5%A4%A7%E9%96%80%E8%87%AA%E5%BC%B7%E5%A4%9C%E5%B8%82E39)/@23.9719315,121.6080141,17z/data=!3m1!4b1!4m6!3m5!1s0x34689fe9654e25ff:0x12cb2c4f73bbb0ee!8m2!3d23.9719315!4d121.610589!16s%2Fg%2F11fzbv85q6?entry=ttu&g_ep=EgoyMDI1MDQyMS4wIKXMDSoJLDEwMjExNDUzSAFQAw%3D%3D",4.2,$1-200,116,"炸彈蔥油餅,香腸,九層塔,口感,半熟蛋,酥脆,價格,排隊,老麵包蛋馬鈴薯糕<藍車方正>,蛋黃",23.9719315,121.610589
東大門夜市,馬耀醬汁烤魷魚,馬耀醬汁烤魷魚,花蓮縣,花蓮市,,原住民D23,"https://www.google.com/maps/place/%E9%A6%AC%E8%80%80%E9%86%AC%E6%B1%81%E7%83%A4%E9%AD%B7%E9%AD%9A/@23.9718077,121.6093888,17z/data=!3m1!4b1!4m6!3m5!1s0x34689fc2d21516dd:0x6c49ff827e1fdde0!8m2!3d23.9718077!4d121.6119637!16s%2Fg%2F11swpdxg65?entry=ttu&g_ep=EgoyMDI1MDQyMS4wIKXMDSoJLDEwMjExNDUzSAFQAw%3D%3D",4.5,$1-200,19,"洋蔥,甜,價格,椒鹽,盒,辣醬,鮮,口",23.9718077,121.6119637
東大門夜市,馬告炒麵刈包,馬告炒麵刈包,花蓮縣,花蓮市,,D19攤位,"https://www.google.com/maps/place/%E9%A6%AC%E5%91%8A%E7%82%92%E9%BA%B5%E5%88%88%E5%8C%85/@23.9719096,121.6095437,17z/data=!3m1!4b1!4m6!3m5!1s0x34689fe9709ed9dd:0x45333a47fc7f25e6!8m2!3d23.9719096!4d121.6121186!16s%2Fg%2F11g9nh1rw8?entry=ttu&g_ep=EgoyMDI1MDQyMS4wIKXMDSoJLDEwMjExNDUzSAFQAw%3D%3D",3.5,$1-200,153,"口味,黑胡椒,燒肉,價格,小黃瓜,口感,蘑菇,夜市,板麵,美食",23.9719096,121.6121186
東大門夜市,哦一夕海鮮串燒燒烤,哦一夕海鮮串燒燒烤,花蓮縣,花蓮市,,D30,"https://www.google.com/maps/place/%E5%93%A6%E4%B8%80%E5%A4%95%E6%B5%B7%E9%AE%AE%E4%B8%B2%E7%87%92%E7%87%92%E7%83%A4/@23.9716841,121.6078196,17z/data=!3m1!4b1!4m6!3m5!1s0x34689f298a6887bb:0x626cb3e46afc4ddc!8m2!3d23.9716841!4d121.6103945!16s%2Fg%2F11n37c3ckj?entry=ttu&g_ep=EgoyMDI1MDQyMS4wIKXMDSoJLDEwMjExNDUzSAFQAw%3D%3D",4.3,,371,"餐,生蠔,生魚片,cp值,夜市,菜,壽司,干貝,啤酒,蒜蓉",23.9716841,121.6103945
東大門夜市,水哥烤魷魚原住民風味餐,水哥烤魷魚原住民風味餐,花蓮縣,花蓮市,,A44,"https://www.google.com/maps/place/%E6%B0%B4%E5%93%A5%E7%83%A4%E9%AD%B7%E9%AD%9A%E5%8E%9F%E4%BD%8F%E6%B0%91%E9%A2%A8%E5%91%B3%E9%A4%90/@23.972183,121.6095751,17z/data=!3m1!4b1!4m6!3m5!1s0x34689fe97638a78d:0x852b9ae6e567faca!8m2!3d23.972183!4d121.61215!16s%2Fg%2F11fz9yzv5r?entry=ttu&g_ep=EgoyMDI1MDQyMS4wIKXMDSoJLDEwMjExNDUzSAFQAw%3D%3D",4.5,,52,"野菜,價格,炒,飛魚,烏賊,苦瓜,素食,道,車輪,聚餐",23.972183,121.61215
東大門夜市,隨客意臭臭鍋,隨客意臭臭鍋,花蓮縣,花蓮市,,B49,"https://www.google.com/maps/place/%E9%9A%A8%E5%AE%A2%E6%84%8F%E8%87%AD%E8%87%AD%E9%8D%8B/@23.972274,121.6095784,17z/data=!3m1!4b1!4m6!3m5!1s0x34689ff26f747223:0xee91f7b291066be6!8m2!3d23.972274!4d121.6121533!16s%2Fg%2F11gmg62h6b?entry=ttu&g_ep=EgoyMDI1MDQyMS4wIKXMDSoJLDEwMjExNDUzSAFQAw%3D%3D",2.4,$1-200,56,"臭豆腐,醬,黑胡椒,紅茶,蘑菇,牛排,炸,鴨血,粽子,鐵板",23.972274,121.6121533
東大門夜市,花蓮鬼匠拉麵東大店,花蓮鬼匠拉麵東大店,花蓮縣,花蓮市,, 入口處,"https://www.google.com/maps/place/%E8%8A%B1%E8%93%AE%E9%AC%BC%E5%8C%A0%E6%8B%89%E9%BA%B5%E6%9D%B1%E5%A4%A7%E5%BA%97/@23.9730537,121.6096778,17z/data=!3m1!4b1!4m6!3m5!1s0x34689fde0a2b2eb5:0xf904ed45c790d8a5!8m2!3d23.9730537!4d121.6122527!16s%2Fg%2F11gm6y6r1y?entry=ttu&g_ep=EgoyMDI1MDQyMS4wIKXMDSoJLDEwMjExNDUzSAFQAw%3D%3D",4.5,$1-200,74,"蝦,湯,夜市,價格,豚骨,叉燒,口感,碗,地獄拉麵,辣",23.9730537,121.6122527
東大門夜市,首都碳烤,首都碳烤,花蓮縣,花蓮市,, B519-2 號,"https://www.google.com/maps/place/%E9%A6%96%E9%83%BD%E7%A2%B3%E7%83%A4/@23.9723145,121.6096388,17z/data=!3m1!4b1!4m6!3m5!1s0x34689fe99dfe6a93:0x19fc0a4ce926712!8m2!3d23.9723145!4d121.6122137!16s%2Fg%2F11ddxysyl1?entry=ttu&g_ep=EgoyMDI1MDQyMS4wIKXMDSoJLDEwMjExNDUzSAFQAw%3D%3D",2.9,$1-200,109,"價格,醬汁,串,炭烤,香菇,蔥,豆乾,甜不辣,雞屁股,吐",23.9723145,121.6122137
東大門夜市,花蓮東大門夜市A41滿面豆花,花蓮東大門夜市A41滿面豆花,花蓮縣,花蓮市,,A41,"https://www.google.com/maps/place/%E8%8A%B1%E8%93%AE%E6%9D%B1%E5%A4%A7%E9%96%80%E5%A4%9C%E5%B8%82A41%E6%BB%BF%E9%9D%A2%E8%B1%86%E8%8A%B1/@23.9722413,121.6094252,17z/data=!3m1!4b1!4m6!3m5!1s0x34689fd57545bb4b:0x28158d0ab39e9191!8m2!3d23.9722413!4d121.6120001!16s%2Fg%2F11y1j8qy_9?entry=ttu&g_ep=EgoyMDI1MDQyMS4wIKXMDSoJLDEwMjExNDUzSAFQAw%3D%3D",4.4,,5,配料,23.9722413,121.6120001
東大門夜市,公正街香酥雞,公正街香酥雞,花蓮縣,花蓮市,,C25,"https://www.google.com/maps/place/%E5%85%AC%E6%AD%A3%E8%A1%97%E9%A6%99%E9%85%A5%E9%9B%9E/@23.9729303,121.6095696,17z/data=!3m1!4b1!4m6!3m5!1s0x34689fc1b9919ba1:0x5d12e7fc8ffe5e1c!8m2!3d23.9729303!4d121.6121445!16s%2Fg%2F11c44dllkk?entry=ttu&g_ep=EgoyMDI1MDQyMS4wIKXMDSoJLDEwMjExNDUzSAFQAw%3D%3D",3.1,$1-200,174,"鹹酥雞,炸,魷魚,價格,米血,甜不辣,螃蟹,九層塔,口感,糯米",23.9729303,121.6121445
東大門夜市,恰好食光,恰好食光,花蓮縣,花蓮市,,C28,"https://www.google.com/maps/place/%E6%81%B0%E5%A5%BD%E9%A3%9F%E5%85%89/@23.9729054,121.6094122,17z/data=!3m1!4b1!4m6!3m5!1s0x34689fe98a9e38a7:0xd353da23177f10ae!8m2!3d23.9729054!4d121.6119871!16s%2Fg%2F11bx5680gk?entry=ttu&g_ep=EgoyMDI1MDQyMS4wIKXMDSoJLDEwMjExNDUzSAFQAw%3D%3D",4.0,$1-200,166,"規劃,價格,表演,銀絲卷,街頭藝人,大阪燒,垃圾分類,煉乳,炒麵,垃圾桶",23.9729054,121.6119871
東大門夜市,黃金屋壽司坊,黃金屋壽司坊,花蓮縣,花蓮市,, C30,"https://www.google.com/maps/place/%E9%BB%83%E9%87%91%E5%B1%8B%E5%A3%BD%E5%8F%B8%E5%9D%8A/@23.9727844,121.6093397,17z/data=!3m1!4b1!4m6!3m5!1s0x34689fe99b2d19a3:0xc986060f6e446866!8m2!3d23.9727844!4d121.6119146!16s%2Fg%2F11hd9qbr13?entry=ttu&g_ep=EgoyMDI1MDQyMS4wIKXMDSoJLDEwMjExNDUzSAFQAw%3D%3D",3.9,,53,"味噌湯,夜市,鮭魚",23.9727844,121.6119146
東大門夜市,東大門,東大門(福町夜市C22)起司馬鈴薯,花蓮縣,花蓮市,,C22攤位,"https://www.google.com/maps/place/%E6%9D%B1%E5%A4%A7%E9%96%80%EF%BC%88%E7%A6%8F%E7%94%BA%E5%A4%9C%E5%B8%82C22)%E8%B5%B7%E5%8F%B8%E9%A6%AC%E9%88%B4%E8%96%AF/@23.9712716,121.6087395,17z/data=!3m1!4b1!4m6!3m5!1s0x34689f399ee9b9e3:0xf4ac7b14b70c5825!8m2!3d23.9712716!4d121.6113144!16s%2Fg%2F11n86mx_b2?entry=ttu&g_ep=EgoyMDI1MDQyMS4wIKXMDSoJLDEwMjExNDUzSAFQAw%3D%3D",2.9,$1-200,25,可愛,23.9712716,121.6113144
東大門夜市,正當冰 花蓮東大門夜市店,正當冰 花蓮東大門夜市店,花蓮縣,花蓮市,,區 B46 攤,"https://www.google.com/maps/place/%E6%AD%A3%E7%95%B6%E5%86%B0+%E8%8A%B1%E8%93%AE%E6%9D%B1%E5%A4%A7%E9%96%80%E5%A4%9C%E5%B8%82%E5%BA%97/@23.9719609,121.6096209,17z/data=!3m1!4b1!4m6!3m5!1s0x34689fe98ab85581:0xe89d4217610e536b!8m2!3d23.9719609!4d121.6121958!16s%2Fg%2F11c45sxcrz?entry=ttu&g_ep=EgoyMDI1MDQyMS4wIKXMDSoJLDEwMjExNDUzSAFQAw%3D%3D",4.4,,244,"芋頭,百香果,芭樂,威士忌,沙瓦,抹茶,洛神花,添加物,燒仙草,紅豆",23.9719609,121.6121958
東大門夜市,缸缸好酸梅湯,缸缸好酸梅湯-花蓮美食-小吃-飲料-豆干,花蓮縣,花蓮市,,攤位B27,"https://www.google.com/maps/place/%E7%BC%B8%E7%BC%B8%E5%A5%BD%E9%85%B8%E6%A2%85%E6%B9%AF-%E8%8A%B1%E8%93%AE%E7%BE%8E%E9%A3%9F-%E5%B0%8F%E5%90%83-%E9%A3%B2%E6%96%99-%E8%B1%86%E5%B9%B2/@23.9730491,121.608918,17z/data=!3m1!4b1!4m6!3m5!1s0x34689f02231a99b1:0x35c2e62d47d1dfa2!8m2!3d23.9730491!4d121.6114929!16s%2Fg%2F11jg3d2wz_?entry=ttu&g_ep=EgoyMDI1MDQyMS4wIKXMDSoJLDEwMjExNDUzSAFQAw%3D%3D",4.7,$1-200,51,"滷,茶葉蛋,夜市,飛魚,香腸,種,杯",23.9730491,121.6114929
東大門夜市,香榭城現打果汁 東大門夜市福町總店,香榭城現打果汁 東大門夜市福町總店,花蓮縣,花蓮市,,東大門福町夜市,"https://www.google.com/maps/place/%E9%A6%99%E6%A6%AD%E5%9F%8E%E7%8F%BE%E6%89%93%E6%9E%9C%E6%B1%81+%E6%9D%B1%E5%A4%A7%E9%96%80%E5%A4%9C%E5%B8%82%E7%A6%8F%E7%94%BA%E7%B8%BD%E5%BA%97/@23.9721371,121.609614,17z/data=!3m1!4b1!4m6!3m5!1s0x34689fa3ce0ddd91:0x9236cb54f7657a0c!8m2!3d23.9721371!4d121.6121889!16s%2Fg%2F1v1kmlv0?entry=ttu&g_ep=EgoyMDI1MDQyMS4wIKXMDSoJLDEwMjExNDUzSAFQAw%3D%3D",3.5,,132,"草莓,餐,支付,甜,麥克風,柳橙,西瓜汁,香蕉,芒果,冰棒",23.9721371,121.6121889
東大門夜市,福町本舖檸檬汁,福町本舖檸檬汁,花蓮縣,花蓮市,,970東大門福町夜市,"https://www.google.com/maps/place/%E7%A6%8F%E7%94%BA%E6%9C%AC%E8%88%96%E6%AA%B8%E6%AA%AC%E6%B1%81/@23.9726949,121.6091633,17z/data=!3m1!4b1!4m6!3m5!1s0x34689fe982e1451f:0x19f4deed902697bb!8m2!3d23.9726949!4d121.6117382!16s%2Fg%2F11c14_8vdw?entry=ttu&g_ep=EgoyMDI1MDQyMS4wIKXMDSoJLDEwMjExNDUzSAFQAw%3D%3D",4.1,$1-200,134,"酸,夜市,煉乳,杯,價錢,桑椹,失望,果汁,冬瓜,嘉興冰淇淋店",23.9726949,121.6117382
樂華夜市,樂華夜市三鮮羹,樂華夜市三鮮羹,新北市,永和區,,內 ,https://www.google.com/maps/place/%E6%A8%82%E8%8F%AF%E5%A4%9C%E5%B8%82%E4%B8%89%E9%AE%AE%E7%BE%B9/data=!4m7!3m6!1s0x3442a9c31fe8c753:0x90793ca166229089!8m2!3d25.0084162!4d121.5113918!16s%2Fg%2F11g_y5tdf!19sChIJU8foH8OpQjQRiZAiZqE8eZA?authuser=0&hl=zh-TW&rclk=1,4.1,$1-200,1478,"土魠魚,米糕,排隊,魷魚,蝦仁羹,米粉,醋,肉鬆,勾芡,魚塊",25.0084162,121.5113918
樂華夜市,大腸包小腸,大腸包小腸,新北市,永和區,, 萬客福對面 ,https://www.google.com/maps/place/%E5%A4%A7%E8%85%B8%E5%8C%85%E5%B0%8F%E8%85%B8/data=!4m7!3m6!1s0x3442a96a9921e785:0x7dce91b037bc2b08!8m2!3d25.0082858!4d121.5116362!16s%2Fg%2F11pynkrpdq!19sChIJhechmWqpQjQRCCu8N7CRzn0?authuser=0&hl=zh-TW&rclk=1,4.8,$1-200,224,"蒜,價格,米腸,口味,口感,烤,腸衣,雞腿,酸菜,芥末",25.0082858,121.5116362
樂華夜市,QQ王子地瓜球,QQ王子地瓜球,新北市,永和區,,內 ,https://www.google.com/maps/place/QQ%E7%8E%8B%E5%AD%90%E5%9C%B0%E7%93%9C%E7%90%83/data=!4m7!3m6!1s0x3442a9c30c8db583:0x995d5231ff16339e!8m2!3d25.0094475!4d121.5100696!16s%2Fg%2F1tdy6rxt!19sChIJg7WNDMOpQjQRnjMW_zFSXZk?authuser=0&hl=zh-TW&rclk=1,3.4,$1-200,145,"樂華夜市,炸,包,粉,口感,梅,價格,甜,酥脆,燒焦",25.0094475,121.5100696
樂華夜市,波哥500cc冷熱飲專賣攤,波哥500cc冷熱飲專賣攤,新北市,,,市內 ,https://www.google.com/maps/place/%E6%B3%A2%E5%93%A5500cc%E5%86%B7%E7%86%B1%E9%A3%B2%E5%B0%88%E8%B3%A3%E6%94%A4/data=!4m7!3m6!1s0x3442a9c28221f591:0xb9b08a82e9cd70bc!8m2!3d25.0084739!4d121.511234!16s%2Fg%2F11h0fch4n!19sChIJkfUhgsKpQjQRvHDN6YKKsLk?authuser=0&hl=zh-TW&rclk=1,4.1,$1-200,27,"珍珠,杯,價錢,奶茶,紅茶,糖,杏仁,傳統",25.0084739,121.511234
樂華夜市,魷魚船現炸魷魚,魷魚船現炸魷魚,新北市,永和區,, ,https://www.google.com/maps/place/%E9%AD%B7%E9%AD%9A%E8%88%B9%E7%8F%BE%E7%82%B8%E9%AD%B7%E9%AD%9A/data=!4m7!3m6!1s0x3442a9c2e104f707:0x76736768f81ba942!8m2!3d25.0082245!4d121.511647!16s%2Fg%2F12hkdq9bw!19sChIJB_cE4cKpQjQRQqkb-Ghnc3Y?authuser=0&hl=zh-TW&rclk=1,3.0,$1-200,93,"檸檬,椒鹽,夜市,辣,價格,調味,粉,酸,海苔,表演",25.0082245,121.511647
樂華夜市,阿婆的章魚燒,阿婆的章魚燒,新北市,永和區,, ,https://www.google.com/maps/place/%E9%98%BF%E5%A9%86%E7%9A%84%E7%AB%A0%E9%AD%9A%E7%87%92/data=!4m7!3m6!1s0x3442a9c2e119226f:0x6492319d998aa797!8m2!3d25.008384!4d121.5114959!16s%2Fg%2F11hc_2ssv_!19sChIJbyIZ4cKpQjQRl6eKmZ0xkmQ?authuser=0&hl=zh-TW&rclk=1,4.0,$1-200,109,"阿公,盒,價格,口感,油,內餡,烤盤,海苔,糊,芥末",25.008384,121.5114959
南機場夜市,夫妻飯莊,夫妻飯莊(南機場),台北市,中正區,,61號攤位南機場夜市,"https://www.google.com/maps/place/%E5%A4%AB%E5%A6%BB%E9%A3%AF%E8%8E%8A(%E5%8D%97%E6%A9%9F%E5%A0%B4)/@25.0285646,121.5038034,17z/data=!3m1!4b1!4m6!3m5!1s0x3442a9bb3ae09b73:0x6c5bf5aa4ff00fd2!8m2!3d25.0285646!4d121.5063783!16s%2Fg%2F11hbl95hj2?entry=ttu&g_ep=EgoyMDI1MDQyMS4wIKXMDSoJLDEwMjExNjQwSAFQAw%3D%3D",4.5,$1-200,700,"主菜,配菜,排隊,糖醋,三杯雞,雞塊,棗,魚片,鹽酥雞,雙拼",25.0285646,121.5063783
南機場夜市,南機場現壓甘蔗汁,南機場現壓甘蔗汁,台北市,中正區,,中正區,"https://www.google.com/maps/place/%E5%8D%97%E6%A9%9F%E5%A0%B4%E7%8F%BE%E5%A3%93%E7%94%98%E8%94%97%E6%B1%81/@25.0285573,121.5037946,17z/data=!3m1!4b1!4m6!3m5!1s0x3442a9bb3a43dddf:0x2e7100b00bc8de7!8m2!3d25.0285573!4d121.5063695!16s%2Fg%2F1tfk23ph?entry=ttu&g_ep=EgoyMDI1MDQyMS4wIKXMDSoJLDEwMjExNjQwSAFQAw%3D%3D",4.3,,27,甜,25.0285573,121.5063695
南機場夜市,郭家炸蛋蔥油餅,郭家炸蛋蔥油餅,台北市,中正區,,中正區,"https://www.google.com/maps/place/%E9%83%AD%E5%AE%B6%E7%82%B8%E8%9B%8B%E8%94%A5%E6%B2%B9%E9%A4%85/@25.0283566,121.503989,17z/data=!3m1!4b1!4m6!3m5!1s0x3442a94f3cba0f03:0x7b911c66ec921dbb!8m2!3d25.0283566!4d121.5065639!16s%2Fg%2F11k74n8b58?entry=ttu&g_ep=EgoyMDI1MDQyMS4wIKXMDSoJLDEwMjExNjQwSAFQAw%3D%3D",4.1,,37,"醬,香,甜",25.0283566,121.5065639
瑞豐夜市,何佳佳蔥油餅,何佳佳蔥油餅（瑞豐夜市）,高雄市,左營區,,第三排,"https://www.google.com.tw/maps/place/%E4%BD%95%E4%BD%B3%E4%BD%B3%E8%94%A5%E6%B2%B9%E9%A4%85%EF%BC%88%E7%91%9E%E8%B1%90%E5%A4%9C%E5%B8%82%EF%BC%89/@22.6658997,120.2998645,21z/data=!4m6!3m5!1s0x346e05b4f4e9c639:0x249017e0a1e618f0!8m2!3d22.6658997!4d120.3000013!16s%2Fg%2F11t8d7y2pf?entry=ttu&g_ep=EgoyMDI1MDQxNC4xIKXMDSoASAFQAw%3D%3D",4.0,$1-200,169,"煎,酥脆,袋子,排隊,冷,香,店員,口罩,胡椒,海苔",22.6658997,120.3000013
瑞豐夜市,曾氏福建炒麵,曾氏福建炒麵-全台第一創始店｜十年老字號｜臺灣第一福建炒麵品牌｜瑞豐夜市必吃美食｜小吃｜外帶｜消夜,高雄市,左營區,,第一排,"https://www.google.com.tw/maps/place/%E6%9B%BE%E6%B0%8F%E7%A6%8F%E5%BB%BA%E7%82%92%E9%BA%B5-%E5%85%A8%E5%8F%B0%E7%AC%AC%E4%B8%80%E5%89%B5%E5%A7%8B%E5%BA%97%EF%BD%9C%E5%8D%81%E5%B9%B4%E8%80%81%E5%AD%97%E8%99%9F%EF%BD%9C%E8%87%BA%E7%81%A3%E7%AC%AC%E4%B8%80%E7%A6%8F%E5%BB%BA%E7%82%92%E9%BA%B5%E5%93%81%E7%89%8C%EF%BD%9C%E7%91%9E%E8%B1%90%E5%A4%9C%E5%B8%82%E5%BF%85%E5%90%83%E7%BE%8E%E9%A3%9F%EF%BD%9C%E5%B0%8F%E5%90%83%EF%BD%9C%E5%A4%96%E5%B8%B6%EF%BD%9C%E6%B6%88%E5%A4%9C/@22.6658997,120.2998645,21z/data=!4m6!3m5!1s0x346e05071ea317df:0xadf9a40adface0c2!8m2!3d22.6660923!4d120.3000307!16s%2Fg%2F11c1t520d6?entry=ttu&g_ep=EgoyMDI1MDQxNC4xIKXMDSoASAFQAw%3D%3D",4.9,$1-200,6361,"鑊氣,招牌,排隊,海鮮,冷泡茶,羊,五花肉,川菜,大川由里,是拉差醬",22.6660923,120.3000307
瑞豐夜市,阿3酥皮雞蛋糕,阿3酥皮雞蛋糕-瑞豐夜市(南屏路裕誠路三角窗/第一排/免下車取餐）,高雄市,左營區,,瑞豐夜市,"https://www.google.com.tw/maps/place/%E9%98%BF3%E9%85%A5%E7%9A%AE%E9%9B%9E%E8%9B%8B%E7%B3%95-%E7%91%9E%E8%B1%90%E5%A4%9C%E5%B8%82(%E5%8D%97%E5%B1%8F%E8%B7%AF%E8%A3%95%E8%AA%A0%E8%B7%AF%E4%B8%89%E8%A7%92%E7%AA%97%2F%E7%AC%AC%E4%B8%80%E6%8E%92%2F%E5%85%8D%E4%B8%8B%E8%BB%8A%E5%8F%96%E9%A4%90%EF%BC%89/@22.6658997,120.2998645,21z/data=!4m6!3m5!1s0x346e05f1d28ff615:0xe91058c7dc5ed078!8m2!3d22.6659167!4d120.3000333!16s%2Fg%2F11txs_hw7q?entry=ttu&g_ep=EgoyMDI1MDQxNC4xIKXMDSoASAFQAw%3D%3D",4.5,,45,"烤,口感,香,小孩,甜,冷,價格",22.6659167,120.3000333
瑞豐夜市,泰刺激 手沖泰奶「泰總店,泰刺激 手沖泰奶「泰總店,高雄市,鼓山區,,第一排,"https://www.google.com.tw/maps/place/%E6%B3%B0%E5%88%BA%E6%BF%80+%E6%89%8B%E6%B2%96%E6%B3%B0%E5%A5%B6%E3%80%8C%E6%B3%B0%E7%B8%BD%E5%BA%97/@22.6658997,120.2998645,21z/data=!4m6!3m5!1s0x346e05665e797f81:0x8b9d48065700929f!8m2!3d22.6660531!4d120.2999962!16s%2Fg%2F11t_h215dc?entry=ttu&g_ep=EgoyMDI1MDQxNC4xIKXMDSoASAFQAw%3D%3D",4.8,$1-200,23,"狗,饅頭",22.6660531,120.2999962
瑞豐夜市,章魚爆爆起司章魚燒,章魚爆爆起司章魚燒（瑞豐總店）,高雄市,鼓山區,,第三排,"https://www.google.com.tw/maps/place/%E7%AB%A0%E9%AD%9A%E7%88%86%E7%88%86%E8%B5%B7%E5%8F%B8%E7%AB%A0%E9%AD%9A%E7%87%92%EF%BC%88%E7%91%9E%E8%B1%90%E7%B8%BD%E5%BA%97%EF%BC%89/@22.6659739,120.2998357,21z/data=!4m6!3m5!1s0x346e05b2596ee627:0x7da2c45fc400a5b9!8m2!3d22.6660287!4d120.2999181!16s%2Fg%2F11sqzh8wp1?entry=ttu&g_ep=EgoyMDI1MDQxNC4xIKXMDSoASAFQAw%3D%3D",4.7,,111,"干貝,價格,鮭魚,口味,料,口感,麵粉,盒,外送",22.6660287,120.2999181
瑞豐夜市,真的好想吃車輪餅G'Day,真的好想吃車輪餅G'Day,高雄市,鼓山區,,第三排,"https://www.google.com.tw/maps/place/%E7%9C%9F%E7%9A%84%E5%A5%BD%E6%83%B3%E5%90%83%E8%BB%8A%E8%BC%AA%E9%A4%85G'Day/@22.665982,120.2997981,21z/data=!4m6!3m5!1s0x346e05293af400c1:0x733ac64ebec54ca2!8m2!3d22.6659993!4d120.299929!16s%2Fg%2F11nmr2_gxl?entry=ttu&g_ep=EgoyMDI1MDQxNC4xIKXMDSoASAFQAw%3D%3D",4.6,,28,"口味,餡料,流沙,珍珠,蘿蔔,奶油,紅豆餅",22.6659993,120.299929
瑞豐夜市,文哥鮮奶麻糬,文哥鮮奶麻糬,高雄市,左營區,,第二排第二攤,"https://www.google.com.tw/maps/place/%E6%96%87%E5%93%A5%E9%AE%AE%E5%A5%B6%E9%BA%BB%E7%B3%AC/@22.665982,120.2997981,21z/data=!4m6!3m5!1s0x346e050718db6069:0xb603ecf511769543!8m2!3d22.6659055!4d120.2999714!16s%2Fg%2F11f_0tbmvr?entry=ttu&g_ep=EgoyMDI1MDQxNC4xIKXMDSoASAFQAw%3D%3D",4.1,,549,"口感,椰子味,抹茶,口味,巧克力,可可,芝麻,糯米,粉,ㄉ",22.6659055,120.2999714
瑞豐夜市,蘋什麼日式蘋果糖Candy Apple,蘋什麼日式蘋果糖Candy Apple,高雄市,左營區,,右邊開始算第三排,"https://www.google.com.tw/maps/place/%E8%98%8B%E4%BB%80%E9%BA%BC%E6%97%A5%E5%BC%8F%E8%98%8B%E6%9E%9C%E7%B3%96Candy+Apple/@22.6660105,120.299727,20.5z/data=!4m6!3m5!1s0x346e0540ac961e87:0xca3736c943ecf3b1!8m2!3d22.665906!4d120.2998573!16s%2Fg%2F11y34dk1y5?entry=ttu&g_ep=EgoyMDI1MDQxNC4xIKXMDSoASAFQAw%3D%3D",4.3,,29,"夜市王,梅,甜,糖葫蘆,價格",22.665906,120.2998573
瑞豐夜市,醋吧水果茶,醋吧水果茶(瑞豐店),高雄市,左營區,,左營區,"https://www.google.com.tw/maps/place/%E9%86%8B%E5%90%A7%E6%B0%B4%E6%9E%9C%E8%8C%B6(%E7%91%9E%E8%B1%90%E5%BA%97)/@22.6660013,120.2997127,21z/data=!4m6!3m5!1s0x346e050718c4a2bd:0x9c05b33cbc73503!8m2!3d22.666021!4d120.299878!16s%2Fg%2F11gj45ky7x?entry=ttu&g_ep=EgoyMDI1MDQxNC4xIKXMDSoASAFQAw%3D%3D",3.6,$1-200,33,"甘蔗,店員,綠茶,瑞豐夜市,香,杯,檸茶,耐心,甜",22.666021,120.299878
瑞豐夜市,五哥肉夾饃高雄瑞豐店,五哥肉夾饃高雄瑞豐店（瑞豐夜市第二道中間）,高雄市,左營區,,第二道104與105格位,"https://www.google.com.tw/maps/place/%E4%BA%94%E5%93%A5%E8%82%89%E5%A4%BE%E9%A5%83%E9%AB%98%E9%9B%84%E7%91%9E%E8%B1%90%E5%BA%97%EF%BC%88%E7%91%9E%E8%B1%90%E5%A4%9C%E5%B8%82%E7%AC%AC%E4%BA%8C%E9%81%93%E4%B8%AD%E9%96%93%EF%BC%89/@22.6660848,120.2996604,21z/data=!4m6!3m5!1s0x346e05ce355f926b:0xb08f85c5d5055ecf!8m2!3d22.6662356!4d120.299831!16s%2Fg%2F11v4j4y45s?entry=ttu&g_ep=EgoyMDI1MDQxNC4xIKXMDSoASAFQAw%3D%3D",4.9,$1-200,1234,"起司,香,酥脆,青椒,辣,價格,滷蛋,生菜,酥肉,荷包蛋",22.6662356,120.299831
瑞豐夜市,煮玉米 白甘蔗大王,煮玉米 白甘蔗大王,高雄市,鼓山區,,鼓山區,"https://www.google.com.tw/maps/place/%E7%85%AE%E7%8E%89%E7%B1%B3+%E7%99%BD%E7%94%98%E8%94%97%E5%A4%A7%E7%8E%8B/@22.6660067,120.2995229,21z/data=!4m6!3m5!1s0x346e053589651a2f:0x8f60ea1e79f63e21!8m2!3d22.6659115!4d120.2996928!16s%2Fg%2F11h22jyg32?entry=ttu&g_ep=EgoyMDI1MDQxNC4xIKXMDSoASAFQAw%3D%3D",1.3,$1-200,44,"價錢,甘蔗汁,水煮,種,消費,葡萄柚,秤,根,支付,夜市",22.6659115,120.2996928
瑞豐夜市,沈記東山鴨頭,沈記東山鴨頭,高雄市,鼓山區,,第三排,"https://www.google.com.tw/maps/place/%E6%B2%88%E8%A8%98%E6%9D%B1%E5%B1%B1%E9%B4%A8%E9%A0%AD/@22.6660367,120.2996554,21z/data=!4m6!3m5!1s0x346e050719e636ed:0xd0936446daf6947c!8m2!3d22.666217!4d120.299623!16s%2Fg%2F12hlv5_hv?entry=ttu&g_ep=EgoyMDI1MDQxNC4xIKXMDSoASAFQAw%3D%3D",1.5,$200-400,166,"米血,海帶,油,豆皮,豆乾,瑞豐夜市,脖子,大腸,甜不辣,樓梯",22.666217,120.299623
瑞豐夜市,馳名烤豬 瑞豐夜市,馳名烤豬 瑞豐夜市（第三排）,高雄市,左營區,,第三排,"https://www.google.com.tw/maps/place/%E9%A6%B3%E5%90%8D%E7%83%A4%E8%B1%AC+%E7%91%9E%E8%B1%90%E5%A4%9C%E5%B8%82%EF%BC%88%E7%AC%AC%E4%B8%89%E6%8E%92%EF%BC%89/@22.6662171,120.2994863,21z/data=!4m6!3m5!1s0x346e05df68e969e7:0xa058b2e20ed86702!8m2!3d22.6661763!4d120.2995996!16s%2Fg%2F11vljxv9b_?entry=ttu&g_ep=EgoyMDI1MDQxNC4xIKXMDSoASAFQAw%3D%3D",4.9,$1-200,86,"香,豬皮,盒,酥肉,汁,價格",22.6661763,120.2995996
瑞豐夜市,瑞豐夜市,瑞豐夜市-第三排首爾馬鈴薯塔•拔絲起司熱狗（182號攤位）,高雄市,鼓山區,,第三排中間,"https://www.google.com.tw/maps/place/%E7%91%9E%E8%B1%90%E5%A4%9C%E5%B8%82-%E7%AC%AC%E4%B8%89%E6%8E%92%E9%A6%96%E7%88%BE%E9%A6%AC%E9%88%B4%E8%96%AF%E5%A1%94%E2%80%A2%E6%8B%94%E7%B5%B2%E8%B5%B7%E5%8F%B8%E7%86%B1%E7%8B%97%EF%BC%88182%E8%99%9F%E6%94%A4%E4%BD%8D%EF%BC%89/@22.6661721,120.2996036,21z/data=!4m6!3m5!1s0x346e050719c1fbed:0x3403418b8c25e747!8m2!3d22.6661973!4d120.2996519!16s%2Fg%2F11hbnh0bl3?entry=ttu&g_ep=EgoyMDI1MDQxNC4xIKXMDSoASAFQAw%3D%3D",4.8,,559,"口味,小孩,炸,口感,價格,梅,根,中秋,臉書,人群",22.6661973,120.2996519
瑞豐夜市,彭氏臭豆腐,彭氏臭豆腐-瑞豐夜市,高雄市,鼓山區,,第七排,"https://www.google.com.tw/maps/place/%E5%BD%AD%E6%B0%8F%E8%87%AD%E8%B1%86%E8%85%90-%E7%91%9E%E8%B1%90%E5%A4%9C%E5%B8%82/@22.666143,120.2995117,21z/data=!4m6!3m5!1s0x346e05073de0bc3d:0x53c43aa1015c88de!8m2!3d22.6660157!4d120.2995289!16s%2Fg%2F1tfvqq7b?entry=ttu&g_ep=EgoyMDI1MDQxNC4xIKXMDSoASAFQAw%3D%3D",3.5,$1-200,121,"鴨血,湯,麻辣,碗,高麗菜,黃豆芽,金針菇,座位,冬粉,子遊傳統夜市",22.6660157,120.2995289
瑞豐夜市,瑞豐冰鎮梅漬小番茄,瑞豐冰鎮梅漬小番茄,高雄市,左營區,,瑞豐夜市,"https://www.google.com.tw/maps/place/%E7%91%9E%E8%B1%90%E5%86%B0%E9%8E%AE%E6%A2%85%E6%BC%AC%E5%B0%8F%E7%95%AA%E8%8C%84/@22.6660157,120.2993921,21z/data=!4m6!3m5!1s0x346e054420397df1:0x44ab0ffea19583f9!8m2!3d22.6659821!4d120.299511!16s%2Fg%2F11m781q_n8?entry=ttu&g_ep=EgoyMDI1MDQxNC4xIKXMDSoASAFQAw%3D%3D",5.0,,1,,22.6659821,120.299511
瑞豐夜市,十喫壽司,十喫壽司,高雄市,左營區,,第二排,"https://www.google.com.tw/maps/place/%E5%8D%81%E5%96%AB%E5%A3%BD%E5%8F%B8/@22.6659756,120.2992961,20.75z/data=!4m6!3m5!1s0x346e051b91956f49:0xb21315cc95cabb27!8m2!3d22.6659828!4d120.2994641!16s%2Fg%2F11y62b4wn2?entry=ttu&g_ep=EgoyMDI1MDQxNC4xIKXMDSoASAFQAw%3D%3D",4.4,$200-400,7,"油脂,鮭魚",22.6659828,120.2994641
瑞豐夜市,好德記香酥雞,好德記香酥雞,高雄市,左營區,,第12條),"https://www.google.com.tw/maps/place/%E5%A5%BD%E5%BE%B7%E8%A8%98%E9%A6%99%E9%85%A5%E9%9B%9E/@22.6660574,120.2993261,21z/data=!4m6!3m5!1s0x346e0507146febff:0x67bd8dd905a0b97a!8m2!3d22.6658941!4d120.2993632!16s%2Fg%2F1tlvm8p4?entry=ttu&g_ep=EgoyMDI1MDQxNC4xIKXMDSoASAFQAw%3D%3D",4.2,$1-200,47,"炸,酥脆,胡椒,功,夜市,聾啞,麵糊,麵粉,鹹酥雞,比例",22.6658941,120.2993632
瑞豐夜市,Z的西班牙燉飯×都歷小日子,Z的西班牙燉飯×都歷小日子（第3排左邊蒜香豆干旁邊）,高雄市,鼓山區,,鼓山區,"https://www.google.com.tw/maps/place/Z%E7%9A%84%E8%A5%BF%E7%8F%AD%E7%89%99%E7%87%89%E9%A3%AF%C3%97%E9%83%BD%E6%AD%B7%E5%B0%8F%E6%97%A5%E5%AD%90%EF%BC%88%E7%AC%AC3%E6%8E%92%E5%B7%A6%E9%82%8A%E8%92%9C%E9%A6%99%E8%B1%86%E5%B9%B2%E6%97%81%E9%82%8A%EF%BC%89/@22.6659275,120.2992053,21z/data=!4m6!3m5!1s0x346e05073dbd89bf:0xd80c3b81ef178eef!8m2!3d22.6659274!4d120.2993422!16s%2Fg%2F11hd1lk0x0?entry=ttu&g_ep=EgoyMDI1MDQxNC4xIKXMDSoASAFQAw%3D%3D",3.4,$1-200,169,"瑞豐夜市,骨頭,香料,臘腸,雞腿肉,料理,口感,培根,辣醬,道",22.6659274,120.2993422
瑞豐夜市,蒜香豆干 瑞豐夜市第二排,蒜香豆干 瑞豐夜市第二排,高雄市,鼓山區,,第三排吃區,"https://www.google.com.tw/maps/place/%E8%92%9C%E9%A6%99%E8%B1%86%E5%B9%B2+%E7%91%9E%E8%B1%90%E5%A4%9C%E5%B8%82%E7%AC%AC%E4%BA%8C%E6%8E%92/@22.6660334,120.2994957,21z/data=!4m6!3m5!1s0x346e0567089d94c3:0x32492b7eacb00535!8m2!3d22.6660332!4d120.2996324!16s%2Fg%2F11fd773h9_?entry=ttu&g_ep=EgoyMDI1MDQxNC4xIKXMDSoASAFQAw%3D%3D",4.6,$1-200,70,"米血,辣,豆皮,蒜味,口感,滷汁,百頁,拌飯,拌麵,豆卜",22.6660332,120.2996324
瑞豐夜市,瑞豐夜市 初夢日式炒麵,瑞豐夜市 初夢日式炒麵,高雄市,鼓山區,,瑞 豐 夜市,"https://www.google.com.tw/maps/place/%E7%91%9E%E8%B1%90%E5%A4%9C%E5%B8%82+%E5%88%9D%E5%A4%A2%E6%97%A5%E5%BC%8F%E7%82%92%E9%BA%B5/@22.6660999,120.299328,19z/data=!3m1!4b1!4m6!3m5!1s0x346e05005c52c985:0x7cc2baa0aa4ee7e8!8m2!3d22.6660999!4d120.299328!16s%2Fg%2F11vzddrpdk?entry=ttu&g_ep=EgoyMDI1MDQxNC4xIKXMDSoASAFQAw%3D%3D",3.0,$1-200,10,"蛋,選擇",22.6660999,120.299328
瑞豐夜市,泰奶了,泰奶了 - 瑞豐最好喝泰奶,高雄市,鼓山區,,第12排,"https://www.google.com.tw/maps/place/%E6%B3%B0%E5%A5%B6%E4%BA%86+-+%E7%91%9E%E8%B1%90%E6%9C%80%E5%A5%BD%E5%96%9D%E6%B3%B0%E5%A5%B6/@22.6659597,120.2992161,21z/data=!4m6!3m5!1s0x346e0590f6dd823b:0x32b86dd72bf014e6!8m2!3d22.6659768!4d120.2992669!16s%2Fg%2F11wbc4n7_b?entry=ttu&g_ep=EgoyMDI1MDQxNC4xIKXMDSoASAFQAw%3D%3D",5.0,$1-200,85,"甜,奶茶,香,蜂蜜,檸檬茶,芋",22.6659768,120.2992669
瑞豐夜市,瑞豐夜市多多米狀元糕,瑞豐夜市多多米狀元糕,高雄市,左營區,,第9排,"https://www.google.com.tw/maps/place/%E7%91%9E%E8%B1%90%E5%A4%9C%E5%B8%82%E5%A4%9A%E5%A4%9A%E7%B1%B3%E7%8B%80%E5%85%83%E7%B3%95/@22.6658798,120.2991035,21z/data=!4m6!3m5!1s0x346e056e9ad25795:0x8c78deea4707f53a!8m2!3d22.6659186!4d120.2992216!16s%2Fg%2F11vqhtbjnw?entry=ttu&g_ep=EgoyMDI1MDQxNC4xIKXMDSoASAFQAw%3D%3D",5.0,$1-200,314,"口味,選擇,傳統,口感,內餡,糯米,花生,芝麻,衛生,創新",22.6659186,120.2992216
瑞豐夜市,龍師傅辣脆腸,龍師傅辣脆腸,高雄市,左營區,,瑞豐夜市,"https://www.google.com.tw/maps/place/%E9%BE%8D%E5%B8%AB%E5%82%85%E8%BE%A3%E8%84%86%E8%85%B8/@22.6662063,120.2989338,21z/data=!4m6!3m5!1s0x346e1bc5ce589887:0x99b22b1019c182b2!8m2!3d22.6662063!4d120.2990706!16s%2Fg%2F11t0wl_3rb?entry=ttu&g_ep=EgoyMDI1MDQxNC4xIKXMDSoASAFQAw%3D%3D",4.4,$1-200,18,"高麗菜,甜",22.6662063,120.2990706
瑞豐夜市,莊記海產粥,莊記海產粥（瑞豐直營門市）,高雄市,鼓山區,,瑞豐夜市,"https://www.google.com.tw/maps/place/%E8%8E%8A%E8%A8%98%E6%B5%B7%E7%94%A2%E7%B2%A5%EF%BC%88%E7%91%9E%E8%B1%90%E7%9B%B4%E7%87%9F%E9%96%80%E5%B8%82%EF%BC%89/@22.6659712,120.2988312,21z/data=!4m6!3m5!1s0x346e05dc93c62171:0xc24b78c19fc02c2b!8m2!3d22.6658879!4d120.2988905!16s%2Fg%2F11s222nzbt?entry=ttu&g_ep=EgoyMDI1MDQxNC4xIKXMDSoASAFQAw%3D%3D",4.1,$1-200,61,"海鮮,價格,碗,瑞豐夜市,椒鹽,芹菜,筍,蟹肉,泡飯,魚片",22.6658879,120.2988905
瑞豐夜市,惜緣果汁茶飲,惜緣果汁茶飲-瑞豐夜市,高雄市,左營區,,14排,"https://www.google.com.tw/maps/place/%E6%83%9C%E7%B7%A3%E6%9E%9C%E6%B1%81%E8%8C%B6%E9%A3%B2-%E7%91%9E%E8%B1%90%E5%A4%9C%E5%B8%82/@22.6658539,120.2988868,21z/data=!4m6!3m5!1s0x346e056a68c911e7:0x1b01e0f7bbe565f4!8m2!3d22.665854!4d120.2990235!16s%2Fg%2F11sj9_chnw?entry=ttu&g_ep=EgoyMDI1MDQxNC4xIKXMDSoASAFQAw%3D%3D",4.2,,10,"西瓜汁,木瓜牛奶",22.665854,120.2990235
瑞豐夜市,地瓜先生,地瓜先生-拔絲地瓜.地瓜球(瑞豐總店）瑞豐夜市第三排194號,高雄市,鼓山區,,第三排,"https://www.google.com.tw/maps/place/%E5%9C%B0%E7%93%9C%E5%85%88%E7%94%9F-%E6%8B%94%E7%B5%B2%E5%9C%B0%E7%93%9C.%E5%9C%B0%E7%93%9C%E7%90%83(%E7%91%9E%E8%B1%90%E7%B8%BD%E5%BA%97%EF%BC%89%E7%91%9E%E8%B1%90%E5%A4%9C%E5%B8%82%E7%AC%AC%E4%B8%89%E6%8E%92194%E8%99%9F/@22.6664308,120.2992746,21z/data=!4m6!3m5!1s0x346e055a71a0a95f:0x355b23a1b5aa4009!8m2!3d22.6663412!4d120.2992157!16s%2Fg%2F11p_7_y7n0?entry=ttu&g_ep=EgoyMDI1MDQxNC4xIKXMDSoASAFQAw%3D%3D",4.9,$1-200,85,"甜,價格,牙,盒,酥脆,口感,糖,炒,內餡,天人",22.6663412,120.2992157
瑞豐夜市,沖繩酥炸大魷魚,沖繩酥炸大魷魚,高雄市,左營區,,左營區,"https://www.google.com.tw/maps/place/%E6%B2%96%E7%B9%A9%E9%85%A5%E7%82%B8%E5%A4%A7%E9%AD%B7%E9%AD%9A/@22.6665355,120.2997763,21z/data=!4m6!3m5!1s0x346e0507198bf76f:0xff83978c40dca245!8m2!3d22.6665398!4d120.2997723!16s%2Fg%2F1tf_l10s?entry=ttu&g_ep=EgoyMDI1MDQxNC4xIKXMDSoASAFQAw%3D%3D",3.5,$1-200,264,"口感,炸魷魚,酥脆,瑞豐夜市,調味,夜市王,鮮,電視,誇張,朝聖",22.6665398,120.2997723
瑞豐夜市,瑞豐夜市總店,瑞豐夜市總店-韓雞殿起司蛋中蛋,高雄市,鼓山區,,韓式起司蛋中蛋第五排後面,"https://www.google.com.tw/maps/place/%E7%91%9E%E8%B1%90%E5%A4%9C%E5%B8%82%E7%B8%BD%E5%BA%97-%E9%9F%93%E9%9B%9E%E6%AE%BF%E8%B5%B7%E5%8F%B8%E8%9B%8B%E4%B8%AD%E8%9B%8B/@22.6665389,120.2996358,21z/data=!4m6!3m5!1s0x346e0587f1c5a6f5:0xa87ea491d1e9877c!8m2!3d22.6665404!4d120.2996945!16s%2Fg%2F11qjtwb19g?entry=ttu&g_ep=EgoyMDI1MDQxNC4xIKXMDSoASAFQAw%3D%3D",4.1,,30,"巧克力,口味,流沙,鹹蛋黃,麵糊,調味,照片,外送,價格",22.6665404,120.2996945
瑞豐夜市,可以可以地瓜球,可以可以地瓜球（瑞豐店）,高雄市,鼓山區,,第11排走到底,"https://www.google.com.tw/maps/place/%E5%8F%AF%E4%BB%A5%E5%8F%AF%E4%BB%A5%E5%9C%B0%E7%93%9C%E7%90%83%EF%BC%88%E7%91%9E%E8%B1%90%E5%BA%97%EF%BC%89/@22.6665469,120.2994521,21z/data=!4m6!3m5!1s0x346e05cdcba626bd:0xc08dd69eead0df0c!8m2!3d22.6665443!4d120.2994755!16s%2Fg%2F11nn_zblv6?entry=ttu&g_ep=EgoyMDI1MDQxNC4xIKXMDSoASAFQAw%3D%3D",4.9,$1-200,51,"炸,冷,橢圓,google 地圖,外送,小孩",22.6665443,120.2994755
瑞豐夜市,瑞豐昌海鮮燒烤,瑞豐昌海鮮燒烤,高雄市,左營區,,左營區,"https://www.google.com.tw/maps/place/%E7%91%9E%E8%B1%90%E6%98%8C%E6%B5%B7%E9%AE%AE%E7%87%92%E7%83%A4/@22.6665862,120.2993334,21z/data=!4m6!3m5!1s0x346e056c06c92f07:0xb49dbf1b1f6af2b2!8m2!3d22.6665695!4d120.2993636!16s%2Fg%2F11f60xy9nc?entry=ttu&g_ep=EgoyMDI1MDQxNC4xIKXMDSoASAFQAw%3D%3D",2.8,$1-200,88,"蚵仔煎,夜市王,餐,桌,朝聖,失望,醬,酥脆,口感,節目",22.6665695,120.2993636
瑞豐夜市,秋栗香糖炒栗子,秋栗香糖炒栗子,高雄市,鼓山區,,旁,"https://www.google.com.tw/maps/place/%E7%A7%8B%E6%A0%97%E9%A6%99%E7%B3%96%E7%82%92%E6%A0%97%E5%AD%90/@22.6661834,120.2980462,21z/data=!4m6!3m5!1s0x346e05c3c4b20ca1:0xf385f4cadec8445d!8m2!3d22.6660486!4d120.2981361!16s%2Fg%2F11kbwm25ss?entry=ttu&g_ep=EgoyMDI1MDQxNC4xIKXMDSoASAFQAw%3D%3D",3.0,,4,,22.6660486,120.2981361
一中商圈,帆太司脆皮拉絲熱狗,帆太司脆皮拉絲熱狗,台中市,北區,,益民商圈一樓,"https://www.google.com.tw/maps/place/%E5%B8%86%E5%A4%AA%E5%8F%B8%E8%84%86%E7%9A%AE%E6%8B%89%E7%B5%B2%E7%86%B1%E7%8B%97/@24.1538708,120.686872,21z/data=!3m1!5s0x34693d67a87a1427:0x48026c3cfbe964f4!4m6!3m5!1s0x34693d44caa959b9:0x5569ade8f831936d!8m2!3d24.1540462!4d120.6869357!16s%2Fg%2F11x66bmbpp?entry=ttu&g_ep=EgoyMDI1MDQxNC4xIKXMDSoASAFQAw%3D%3D",5.0,,14,"起司,德式香腸,口感",24.1540462,120.6869357
台南夜市,原住民石板烤肉,原住民石板烤肉,台南市,東區,,東區,"https://www.google.com/maps/place/%E5%8E%9F%E4%BD%8F%E6%B0%91%E7%9F%B3%E6%9D%BF%E7%83%A4%E8%82%89/@22.9822261,120.216574,17z/data=!3m1!4b1!4m6!3m5!1s0x346e769b574196af:0xbe701c12d5c4f997!8m2!3d22.9822261!4d120.2191489!16s%2Fg%2F1pzwkxjln?entry=ttu&g_ep=EgoyMDI1MDQyMy4wIKXMDSoASAFQAw%3D%3D",4.4,,42,"香腸,夜市,機器,胡椒,盒,油,價格",22.9822261,120.2191489
台南夜市,陳大民麻辣鴨血,陳大民麻辣鴨血(大東東夜市),台南市,東區,,東區,"https://www.google.com/maps/place/%E9%99%B3%E5%A4%A7%E6%B0%91%E9%BA%BB%E8%BE%A3%E9%B4%A8%E8%A1%80(%E5%A4%A7%E6%9D%B1%E6%9D%B1%E5%A4%9C%E5%B8%82)/@22.982835,120.2161287,17z/data=!3m1!4b1!4m6!3m5!1s0x346e7744849bec4b:0xe45a1656a317a798!8m2!3d22.982835!4d120.2187036!16s%2Fg%2F11gw34x68g?entry=ttu&g_ep=EgoyMDI1MDQyMy4wIKXMDSoASAFQAw%3D%3D",2.0,,37,"魚蛋,眼鏡,錢,臉,外帶,碗,臭",22.982835,120.2187036
台南夜市,四川麻辣串串香,四川麻辣串串香,台南市,東區,,東區,https://www.google.com/maps/place/%E5%9B%9B%E5%B7%9D%E9%BA%BB%E8%BE%A3%E4%B8%B2%E4%B8%B2%E9%A6%99/data=!4m7!3m6!1s0x346e769b701e8bcb:0xc2c2d42b5e4d8717!8m2!3d22.982821!4d120.218828!16s%2Fg%2F12hk8lsk3!19sChIJy4secJt2bjQRF4dNXivUwsI?authuser=0&hl=zh-TW&rclk=1,3.3,,12,,22.982821,120.218828
台南夜市,林桑鹽水雞油雞醉雞,林桑鹽水雞油雞醉雞 (台南大東店),台南市,東區,,東區,"https://www.google.com/maps/place/%E6%9E%97%E6%A1%91%E9%B9%BD%E6%B0%B4%E9%9B%9E%E6%B2%B9%E9%9B%9E%E9%86%89%E9%9B%9E+(%E5%8F%B0%E5%8D%97%E5%A4%A7%E6%9D%B1%E5%BA%97)/@22.9828015,120.21637,17z/data=!3m1!4b1!4m6!3m5!1s0x346e7756dd5eac9f:0x7327885889a91954!8m2!3d22.9828015!4d120.2189449!16s%2Fg%2F11txfbtxl0?entry=ttu&g_ep=EgoyMDI1MDQyMy4wIKXMDSoASAFQAw%3D%3D",4.0,$100-200,19,小菜,22.9828015,120.2189449
台南夜市,Dizzy Bar,Dizzy Bar,台南市,東區,,10排,"https://www.google.com/maps/place/Dizzy+Bar/@22.9828579,120.2164356,17z/data=!3m1!4b1!4m6!3m5!1s0x346e770c4b136f4b:0xda98a5d3863f77fd!8m2!3d22.9828579!4d120.2190105!16s%2Fg%2F11h_8v8mw0?entry=ttu&g_ep=EgoyMDI1MDQyMy4wIKXMDSoASAFQAw%3D%3D",5.0,,1,,22.9828579,120.2190105
台南夜市,華慈堂小上海魯味,華慈堂小上海魯味（大東夜市）,台南市,東區,,東區,"https://www.google.com/maps/place/%E8%8F%AF%E6%85%88%E5%A0%82%E5%B0%8F%E4%B8%8A%E6%B5%B7%E9%AD%AF%E5%91%B3%EF%BC%88%E5%A4%A7%E6%9D%B1%E5%A4%9C%E5%B8%82%EF%BC%89/@22.9829827,120.2165836,17z/data=!3m1!4b1!4m6!3m5!1s0x346e77007ff36edd:0xcf6aa688e368b3f!8m2!3d22.9829827!4d120.2191585!16s%2Fg%2F11vq9npq8l?entry=ttu&g_ep=EgoyMDI1MDQyMy4wIKXMDSoASAFQAw%3D%3D",4.5,,2,,22.9829827,120.2191585
台南夜市,新曼谷泰式純檸檬涼拌青木瓜絲,新曼谷泰式純檸檬涼拌青木瓜絲,台南市,東區,,東區,"https://www.google.com/maps/place/%E6%96%B0%E6%9B%BC%E8%B0%B7%E6%B3%B0%E5%BC%8F%E7%B4%94%E6%AA%B8%E6%AA%AC%E6%B6%BC%E6%8B%8C%E9%9D%92%E6%9C%A8%E7%93%9C%E7%B5%B2/@22.9826623,120.2164495,17z/data=!3m1!4b1!4m6!3m5!1s0x346e770046e3840f:0x1c693b89c8ac9b85!8m2!3d22.9826623!4d120.2190244!16s%2Fg%2F11vpy3d99p?entry=ttu&g_ep=EgoyMDI1MDQyMy4wIKXMDSoASAFQAw%3D%3D",,,0,,22.9826623,120.2190244
台南夜市,天王牛排,天王牛排,台南市,東區,,東區,"https://www.google.com/maps/place/%E5%A4%A9%E7%8E%8B%E7%89%9B%E6%8E%92/@22.98269,120.2165427,17z/data=!3m1!4b1!4m6!3m5!1s0x346e77001a9f5b1b:0x8c3f9268084a51d0!8m2!3d22.98269!4d120.2191176!16s%2Fg%2F11ld2st8p3?entry=ttu&g_ep=EgoyMDI1MDQyMy4wIKXMDSoASAFQAw%3D%3D",1.5,$100-200,20,"口香糖,組合肉,價格",22.98269,120.2191176
台南夜市,大東夜市 炒公仔麵,大東夜市 炒公仔麵,台南市,東區,,東區,https://www.google.com/maps/place/%E5%A4%A7%E6%9D%B1%E5%A4%9C%E5%B8%82+%E7%82%92%E5%85%AC%E4%BB%94%E9%BA%B5/data=!4m7!3m6!1s0x346e77dd621023eb:0xf3a03e50dbb8584f!8m2!3d22.9826234!4d120.2187246!16s%2Fg%2F11sch9z7dt!19sChIJ6yMQYt13bjQRT1i421A-oPM?authuser=0&hl=zh-TW&rclk=1,3.0,,3,,22.9826234,120.2187246
台南夜市,日屋章魚小丸子,日屋章魚小丸子,台南市,東區,,東區,"https://www.google.com/maps/place/%E6%97%A5%E5%B1%8B%E7%AB%A0%E9%AD%9A%E5%B0%8F%E4%B8%B8%E5%AD%90/@22.9824366,120.2164421,17z/data=!3m1!4b1!4m6!3m5!1s0x346e7700604ba92d:0xc021515e1828c917!8m2!3d22.9824366!4d120.219017!16s%2Fg%2F11vpy3fb99?entry=ttu&g_ep=EgoyMDI1MDQyMy4wIKXMDSoASAFQAw%3D%3D",5.0,,3,章魚燒,22.9824366,120.219017
台南夜市,鮮奶麻糬,鮮奶麻糬,台南市,東區,,東區,https://www.google.com/maps/place/%E9%AE%AE%E5%A5%B6%E9%BA%BB%E7%B3%AC/data=!4m7!3m6!1s0x346e77006a1f1385:0xe6a961691c8fae2e!8m2!3d22.9825119!4d120.2191702!16s%2Fg%2F11vzy9qm28!19sChIJhRMfagB3bjQRLq6PHGlhqeY?authuser=0&hl=zh-TW&rclk=1,4.7,,7,"可可,抹茶,花生,奶茶",22.9825119,120.2191702
台南夜市,麻糬叔叔,麻糬叔叔,台南市,北區,,、大東夜市,https://www.google.com/maps/place/%E9%BA%BB%E7%B3%AC%E5%8F%94%E5%8F%94/data=!4m7!3m6!1s0x346e7659f0f8ce75:0xfa2c8111d676ba48!8m2!3d23.0110354!4d120.2001108!16s%2Fg%2F1td0krpj!19sChIJdc748Fl2bjQRSLp21hGBLPo?authuser=0&hl=zh-TW&rclk=1,2.9,,126,"內餡,盒,巧克力,口味,大福,夜市,抹茶,芝麻,芋頭,糯",23.0110354,120.2001108
台南夜市,吉野食堂,吉野食堂,台南市,東區,,東區,"https://www.google.com/maps/place/%E5%90%89%E9%87%8E%E9%A3%9F%E5%A0%82/@22.9824873,120.216533,17z/data=!3m1!4b1!4m6!3m5!1s0x346e770063ef0389:0xc1274912e1647b46!8m2!3d22.9824873!4d120.2191079!16s%2Fg%2F11vpy3fyyn?entry=ttu&g_ep=EgoyMDI1MDQyMy4wIKXMDSoASAFQAw%3D%3D",3.1,,7,"烤,魚",22.9824873,120.2191079
台南夜市,郭公館烤魷魚,郭公館烤魷魚,台南市,東區,,東區,"https://www.google.com/maps/place/%E9%83%AD%E5%85%AC%E9%A4%A8%E7%83%A4%E9%AD%B7%E9%AD%9A/@22.9825712,120.2165645,17z/data=!3m1!4b1!4m6!3m5!1s0x346e77000c933e19:0xd848607dc00ed1e0!8m2!3d22.9825712!4d120.2191394!16s%2Fg%2F11vs2ckrnv?entry=ttu&g_ep=EgoyMDI1MDQyMy4wIKXMDSoASAFQAw%3D%3D",,,0,,22.9825712,120.2191394
台南夜市,五花肉泡菜卷,五花肉泡菜卷,台南市,東區,,東區,"https://www.google.com/maps/place/%E4%BA%94%E8%8A%B1%E8%82%89%E6%B3%A1%E8%8F%9C%E5%8D%B7/@22.9825971,120.2166108,17z/data=!3m1!4b1!4m6!3m5!1s0x346e77007f319a13:0x44399d36004f94de!8m2!3d22.9825971!4d120.2191857!16s%2Fg%2F11ld2swtms?entry=ttu&g_ep=EgoyMDI1MDQyMy4wIKXMDSoASAFQAw%3D%3D",1.0,,1,,22.9825971,120.2191857
台南夜市,大甲芋頭牛奶,大甲芋頭牛奶-花園夜市,台南市,北區,,北區,"https://www.google.com/maps/place/%E5%A4%A7%E7%94%B2%E8%8A%8B%E9%A0%AD%E7%89%9B%E5%A5%B6-%E8%8A%B1%E5%9C%92%E5%A4%9C%E5%B8%82/@23.0112177,120.1974926,17z/data=!3m1!4b1!4m6!3m5!1s0x346e7700234c770f:0x441d0dc20658c1a6!8m2!3d23.0112177!4d120.2000675!16s%2Fg%2F11x1fg9sfd?entry=ttu&g_ep=EgoyMDI1MDQyMy4wIKXMDSoJLDEwMjExNDU1SAFQAw%3D%3D",5.0,,1,,23.0112177,120.2000675
台南夜市,戰鬥雞 油雞,戰鬥雞 油雞/醉雞 台南北區花園夜市創始店 ｜涼拌鮮雞｜鮮燙蔬菜｜泰式酸辣｜必吃油雞｜人氣醉雞｜健身運動｜健康餐盒｜增肌減脂｜外帶美食｜特色小吃｜台南美食推薦,台南市,北區,,第一條,"https://www.google.com/maps/place/%E6%88%B0%E9%AC%A5%E9%9B%9E+%E6%B2%B9%E9%9B%9E%2F%E9%86%89%E9%9B%9E+%E5%8F%B0%E5%8D%97%E5%8C%97%E5%8D%80%E8%8A%B1%E5%9C%92%E5%A4%9C%E5%B8%82%E5%89%B5%E5%A7%8B%E5%BA%97+%EF%BD%9C%E6%B6%BC%E6%8B%8C%E9%AE%AE%E9%9B%9E%EF%BD%9C%E9%AE%AE%E7%87%99%E8%94%AC%E8%8F%9C%EF%BD%9C%E6%B3%B0%E5%BC%8F%E9%85%B8%E8%BE%A3%EF%BD%9C%E5%BF%85%E5%90%83%E6%B2%B9%E9%9B%9E%EF%BD%9C%E4%BA%BA%E6%B0%A3%E9%86%89%E9%9B%9E%EF%BD%9C%E5%81%A5%E8%BA%AB%E9%81%8B%E5%8B%95%EF%BD%9C%E5%81%A5%E5%BA%B7%E9%A4%90%E7%9B%92%EF%BD%9C%E5%A2%9E%E8%82%8C%E6%B8%9B%E8%84%82%EF%BD%9C%E5%A4%96%E5%B8%B6%E7%BE%8E%E9%A3%9F%EF%BD%9C%E7%89%B9%E8%89%B2%E5%B0%8F%E5%90%83%EF%BD%9C%E5%8F%B0%E5%8D%97%E7%BE%8E%E9%A3%9F%E6%8E%A8%E8%96%A6/@23.0111599,120.1975166,17z/data=!3m1!4b1!4m6!3m5!1s0x346e765982812a6b:0x1ccfaf7040bd58f4!8m2!3d23.0111599!4d120.2000915!16s%2Fg%2F11fy4ftj4n?entry=ttu&g_ep=EgoyMDI1MDQyMy4wIKXMDSoJLDEwMjExNDU1SAFQAw%3D%3D",4.8,$200-400,676,"肉,小菜,口味,雞腿,口感,價格,鹽水,筍,骨,加盟",23.0111599,120.2000915
台南夜市,黃家乾燒蛤蜊,黃家乾燒蛤蜊,台南市,北區,,北區,https://www.google.com/maps/place/%E9%BB%83%E5%AE%B6%E4%B9%BE%E7%87%92%E8%9B%A4%E8%9C%8A/data=!4m7!3m6!1s0x346e77ec45a5d547:0xcbc19a4fd4566e29!8m2!3d23.011081!4d120.2000055!16s%2Fg%2F11sw0w7ns4!19sChIJR9WlRex3bjQRKW5W1E-awcs?authuser=0&hl=zh-TW&rclk=1,1.0,,1,,23.011081,120.2000055
台南夜市,趙記麻辣臭豆腐「花園」,趙記麻辣臭豆腐「花園」,台南市,北區,,花園夜市,"https://www.google.com/maps/place/%E8%B6%99%E8%A8%98%E9%BA%BB%E8%BE%A3%E8%87%AD%E8%B1%86%E8%85%90%E3%80%8C%E8%8A%B1%E5%9C%92%E3%80%8D/@23.0111607,120.1977521,17z/data=!3m1!4b1!4m6!3m5!1s0x346e77151be976f9:0xe501f32dc7cafe81!8m2!3d23.0111607!4d120.200327!16s%2Fg%2F11trsb75z6?entry=ttu&g_ep=EgoyMDI1MDQyMy4wIKXMDSoJLDEwMjExNDU1SAFQAw%3D%3D",3.8,,5,鴨,23.0111607,120.200327
台南夜市,花園夜市干貝燒,花園夜市干貝燒,台南市,北區,,北區,"https://www.google.com/maps/place/%E8%8A%B1%E5%9C%92%E5%A4%9C%E5%B8%82%E5%B9%B2%E8%B2%9D%E7%87%92/@23.0110952,120.1972368,17z/data=!3m1!4b1!4m6!3m5!1s0x346e77cbef407f27:0x14991134384a9df8!8m2!3d23.0110952!4d120.1998117!16s%2Fg%2F11vclvmxbq?entry=ttu&g_ep=EgoyMDI1MDQyMy4wIKXMDSoJLDEwMjExNDU1SAFQAw%3D%3D",5.0,,4,,23.0110952,120.1998117
台南夜市,澳門咖喱榮,澳門咖喱榮,台南市,北區,,北區,"https://www.google.com/maps/place/%E6%BE%B3%E9%96%80%E5%92%96%E5%96%B1%E6%A6%AE/@23.0110995,120.1972978,17z/data=!3m1!4b1!4m6!3m5!1s0x346e76598ef78d99:0x2bcb74951eb69015!8m2!3d23.0110995!4d120.1998727!16s%2Fg%2F11f2xp5gr0?entry=ttu&g_ep=EgoyMDI1MDQyMy4wIKXMDSoJLDEwMjExNDU1SAFQAw%3D%3D",5.0,,2,,23.0110995,120.1998727
台南夜市,銀河碼頭,銀河碼頭-岩燒、酥皮濃湯,台南市,北區,,北區,"https://www.google.com/maps/place/%E9%8A%80%E6%B2%B3%E7%A2%BC%E9%A0%AD-%E5%B2%A9%E7%87%92%E3%80%81%E9%85%A5%E7%9A%AE%E6%BF%83%E6%B9%AF/@23.0109563,120.1971771,17z/data=!3m1!4b1!4m6!3m5!1s0x346e77004471e031:0x5f9dc0c7c74b42f5!8m2!3d23.0109563!4d120.199752!16s%2Fg%2F11lypkc0x6?entry=ttu&g_ep=EgoyMDI1MDQyMy4wIKXMDSoJLDEwMjExNDU1SAFQAw%3D%3D",,,0,,23.0109563,120.199752
台南夜市,冠軍總店木瓜牛奶,冠軍總店木瓜牛奶,台南市,北區,,北區,https://www.google.com/maps/place/%E5%86%A0%E8%BB%8D%E7%B8%BD%E5%BA%97%E6%9C%A8%E7%93%9C%E7%89%9B%E5%A5%B6/data=!4m7!3m6!1s0x346e7659814a088f:0xf2ecc32524394889!8m2!3d23.0107896!4d120.1996568!16s%2Fg%2F11f_j3lrm5!19sChIJjwhKgVl2bjQRiUg5JCXD7PI?authuser=0&hl=zh-TW&rclk=1,3.3,$100-200,21,"夜市,西瓜汁,價格",23.0107896,120.1996568
台南夜市,花園冠軍木瓜牛奶,花園冠軍木瓜牛奶,台南市,北區,,北區,https://www.google.com/maps/place/%E8%8A%B1%E5%9C%92%E5%86%A0%E8%BB%8D%E6%9C%A8%E7%93%9C%E7%89%9B%E5%A5%B6/data=!4m7!3m6!1s0x346e77d959e4c759:0xc64a01ea0bc99c9e!8m2!3d23.0109436!4d120.1999314!16s%2Fg%2F11kpsmbt59!19sChIJWcfkWdl3bjQRnpzJC-oBSsY?authuser=0&hl=zh-TW&rclk=1,3.8,,6,,23.0109436,120.1999314
台南夜市,玉米杯杯 FRESH CORN CUP,玉米杯杯 FRESH CORN CUP,台南市,北區,,北區,"https://www.google.com/maps/place/%E7%8E%89%E7%B1%B3%E6%9D%AF%E6%9D%AF+FRESH+CORN+CUP/@23.0107292,120.1970645,17z/data=!3m1!4b1!4m6!3m5!1s0x346e7726c82c9aef:0x40d9b6cd5d3eb96c!8m2!3d23.0107292!4d120.1996394!16s%2Fg%2F11tjh9p7by?entry=ttu&g_ep=EgoyMDI1MDQyMy4wIKXMDSoJLDEwMjExNDU1SAFQAw%3D%3D",2.3,,6,排,23.0107292,120.1996394
台南夜市,蔡家臭豆腐豬血湯,蔡家臭豆腐豬血湯,台南市,北區,,北區,https://www.google.com/maps/place/%E8%94%A1%E5%AE%B6%E8%87%AD%E8%B1%86%E8%85%90%E8%B1%AC%E8%A1%80%E6%B9%AF/data=!4m7!3m6!1s0x346e77004daa5f73:0xf0e57f75477a7838!8m2!3d23.010699!4d120.19971!16s%2Fg%2F11vm4mmlv1!19sChIJc1-qTQB3bjQROHh6R3V_5fA?authuser=0&hl=zh-TW&rclk=1,1.0,,2,,23.010699,120.19971
台南夜市,大上海小火鍋,大上海小火鍋,台南市,北區,,北區,"https://www.google.com/maps/place/%E5%A4%A7%E4%B8%8A%E6%B5%B7%E5%B0%8F%E7%81%AB%E9%8D%8B/@23.0107986,120.1972772,17z/data=!3m1!4b1!4m6!3m5!1s0x346e7743c88b6303:0xa68ab08a11c561e3!8m2!3d23.0107986!4d120.1998521!16s%2Fg%2F11v1194k2w?entry=ttu&g_ep=EgoyMDI1MDQyMy4wIKXMDSoJLDEwMjExNDU1SAFQAw%3D%3D",2.5,$100-200,8,臭豆腐,23.0107986,120.1998521
台南夜市,紅妃大腸香腸,紅妃大腸香腸,台南市,北區,,北區,"https://www.google.com/maps/place/%E7%B4%85%E5%A6%83%E5%A4%A7%E8%85%B8%E9%A6%99%E8%85%B8/@23.0108211,120.1973612,17z/data=!3m1!4b1!4m6!3m5!1s0x346e773f8e0710b9:0x3acc78aba020f8db!8m2!3d23.0108211!4d120.1999361!16s%2Fg%2F11v1blqt7j?entry=ttu&g_ep=EgoyMDI1MDQyMy4wIKXMDSoJLDEwMjExNDU1SAFQAw%3D%3D",2.1,$100-200,40,"炒,失望,米腸,九層塔,外勞,蛆蟲,記憶,移工,鹹豬肉,新聞",23.0108211,120.1999361
台南夜市,函館 燒肉丼專門,函館 燒肉丼專門（花園夜市店）,台南市,北區,,內,"https://www.google.com/maps/place/%E5%87%BD%E9%A4%A8+%E7%87%92%E8%82%89%E4%B8%BC%E5%B0%88%E9%96%80%EF%BC%88%E8%8A%B1%E5%9C%92%E5%A4%9C%E5%B8%82%E5%BA%97%EF%BC%89/@23.0108421,120.1974487,17z/data=!3m1!4b1!4m6!3m5!1s0x346e77ba200e72c5:0x7c64a9e9d17f7bf3!8m2!3d23.0108421!4d120.2000236!16s%2Fg%2F11tcs4y3hk?entry=ttu&g_ep=EgoyMDI1MDQyMy4wIKXMDSoJLDEwMjExNDU1SAFQAw%3D%3D",4.0,$100-200,17,豬肉,23.0108421,120.2000236
台南夜市,台南花園夜市陳記麻辣鴨血魚蛋豆腐,台南花園夜市陳記麻辣鴨血魚蛋豆腐,台南市,北區,,北區,"https://www.google.com/maps/place/%E5%8F%B0%E5%8D%97%E8%8A%B1%E5%9C%92%E5%A4%9C%E5%B8%82%E9%99%B3%E8%A8%98%E9%BA%BB%E8%BE%A3%E9%B4%A8%E8%A1%80%E9%AD%9A%E8%9B%8B%E8%B1%86%E8%85%90/@23.010871,120.1972821,17z/data=!3m1!4b1!4m6!3m5!1s0x346e77178544f6d9:0xc0626796c22a6d3f!8m2!3d23.010871!4d120.199857!16s%2Fg%2F11v4h976km?entry=ttu&g_ep=EgoyMDI1MDQyMy4wIKXMDSoJLDEwMjExNDU1SAFQAw%3D%3D",4.4,,5,,23.010871,120.199857
台南夜市,友愛 雪之冰 港式奶茶,友愛 雪之冰 港式奶茶,台南市,北區,,北區,"https://www.google.com/maps/place/%E5%8F%8B%E6%84%9B+%E9%9B%AA%E4%B9%8B%E5%86%B0+%E6%B8%AF%E5%BC%8F%E5%A5%B6%E8%8C%B6/@23.0106319,120.197317,17z/data=!3m1!4b1!4m6!3m5!1s0x346e77c49f1adb9d:0xbf84da0fd59dab57!8m2!3d23.0106319!4d120.1998919!16s%2Fg%2F11tjh9mmg3?entry=ttu&g_ep=EgoyMDI1MDQyMy4wIKXMDSoJLDEwMjExNDU1SAFQAw%3D%3D",5.0,,1,,23.0106319,120.1998919
台南夜市,三代藥膳心肝湯,三代藥膳心肝湯,台南市,北區,,北區,"https://www.google.com/maps/place/%E4%B8%89%E4%BB%A3%E8%97%A5%E8%86%B3%E5%BF%83%E8%82%9D%E6%B9%AF/@23.0106665,120.1974118,17z/data=!3m1!4b1!4m6!3m5!1s0x346e770017098d57:0xf2a35d01ccc1a0af!8m2!3d23.0106665!4d120.1999867!16s%2Fg%2F11y3tyfdpd?entry=ttu&g_ep=EgoyMDI1MDQyMy4wIKXMDSoJLDEwMjExNDU1SAFQAw%3D%3D",4.8,$100-200,4,,23.0106665,120.1999867
台南夜市,勁吧,勁吧-蔥油餅,台南市,北區,,內,"https://www.google.com/maps/place/%E5%8B%81%E5%90%A7-%E8%94%A5%E6%B2%B9%E9%A4%85/@23.0106952,120.1977273,17z/data=!3m1!4b1!4m6!3m5!1s0x346e7700101d73c7:0x7f3d7dd5f4f0169a!8m2!3d23.0106952!4d120.2003022!16s%2Fg%2F11wx2zrzbf?entry=ttu&g_ep=EgoyMDI1MDQyMy4wIKXMDSoJLDEwMjExNDU1SAFQAw%3D%3D",3.4,,5,,23.0106952,120.2003022
台南夜市,全壘打牛排,全壘打牛排,台南市,北區,,北區,"https://www.google.com/maps/place/%E5%85%A8%E5%A3%98%E6%89%93%E7%89%9B%E6%8E%92/@23.0104211,120.1974961,17z/data=!3m1!4b1!4m6!3m5!1s0x346e777fd6a58d5b:0x98046a2c36aac649!8m2!3d23.0104211!4d120.200071!16s%2Fg%2F11kqt69s6q?entry=ttu&g_ep=EgoyMDI1MDQyMy4wIKXMDSoJLDEwMjExNDU1SAFQAw%3D%3D",2.3,$100-200,35,"夜市,濃湯,豬排,紅茶,出局,組合肉,雞腿,柴,氣,鐵",23.0104211,120.200071
台南夜市,收藏糖餅,收藏糖餅-花園夜市,台南市,北區,,北區,"https://www.google.com/maps/place/%E6%94%B6%E8%97%8F%E7%B3%96%E9%A4%85-%E8%8A%B1%E5%9C%92%E5%A4%9C%E5%B8%82/@23.0104962,120.1972787,17z/data=!3m1!4b1!4m6!3m5!1s0x346e7700637fd4f3:0xc7e298da2e8a6c48!8m2!3d23.0104962!4d120.1998536!16s%2Fg%2F11ybnkqsvn?entry=ttu&g_ep=EgoyMDI1MDQyMy4wIKXMDSoJLDEwMjExNDU1SAFQAw%3D%3D",4.7,,3,,23.0104962,120.1998536
台南夜市,古早味糖葫蘆,古早味糖葫蘆,台南市,北區,,北區,"https://www.google.com/maps/place/%E5%8F%A4%E6%97%A9%E5%91%B3%E7%B3%96%E8%91%AB%E8%98%86/@23.0104564,120.1973733,17z/data=!3m1!4b1!4m6!3m5!1s0x346e7659836b5e9d:0xa22f113adf8424ab!8m2!3d23.0104564!4d120.1999482!16s%2Fg%2F11gfdsynkb?entry=ttu&g_ep=EgoyMDI1MDQyMy4wIKXMDSoJLDEwMjExNDU1SAFQAw%3D%3D",,,0,,23.0104564,120.1999482
台南夜市,一路發,一路發-麻將,台南市,北區,,北區,"https://www.google.com/maps/place/%E4%B8%80%E8%B7%AF%E7%99%BC-%E9%BA%BB%E5%B0%87/@23.0104144,120.1972023,17z/data=!3m1!4b1!4m6!3m5!1s0x346e765983cbaa83:0x5cdd6db60d8e8594!8m2!3d23.0104144!4d120.1997772!16s%2Fg%2F11f57df1g9?entry=ttu&g_ep=EgoyMDI1MDQyMy4wIKXMDSoJLDEwMjExNDU1SAFQAw%3D%3D",3.5,,2,,23.0104144,120.1997772
台南夜市,龜龜毛毛泰國奶茶,龜龜毛毛泰國奶茶 ( 花園夜市店)/認明龜龜毛毛紅色燈箱招牌,台南市,北區,,花園夜市,"https://www.google.com/maps/place/%E9%BE%9C%E9%BE%9C%E6%AF%9B%E6%AF%9B%E6%B3%B0%E5%9C%8B%E5%A5%B6%E8%8C%B6+(+%E8%8A%B1%E5%9C%92%E5%A4%9C%E5%B8%82%E5%BA%97)%2F%E8%AA%8D%E6%98%8E%E9%BE%9C%E9%BE%9C%E6%AF%9B%E6%AF%9B%E7%B4%85%E8%89%B2%E7%87%88%E7%AE%B1%E6%8B%9B%E7%89%8C/@23.0100189,120.1970955,17z/data=!3m1!4b1!4m6!3m5!1s0x346e77cd54cdf17b:0x25691e0512364e49!8m2!3d23.0100189!4d120.1996704!16s%2Fg%2F11f67plc75?entry=ttu&g_ep=EgoyMDI1MDQyMy4wIKXMDSoJLDEwMjExNDU1SAFQAw%3D%3D",4.4,,58,"甜,檸檬,杯,融化,冰塊,袋子,推銷,餐,價",23.0100189,120.1996704
台南夜市,Vietnam Coffee Shop,Vietnam Coffee Shop,台南市,北區,,北區,"https://www.google.com/maps/place/Vietnam+Coffee+Shop/@23.010677,120.1967782,17z/data=!3m1!4b1!4m6!3m5!1s0x346e77000d653475:0xd66f26fa0046d431!8m2!3d23.010677!4d120.1993531!16s%2Fg%2F11w3np5cc4?entry=ttu&g_ep=EgoyMDI1MDQyMy4wIKXMDSoJLDEwMjExNDU1SAFQAw%3D%3D",4.7,,11,,23.010677,120.1993531
台南夜市,美食家族 碳烤香雞排,美食家族 碳烤香雞排,台南市,北區,,北區,"https://www.google.com/maps/place/%E7%BE%8E%E9%A3%9F%E5%AE%B6%E6%97%8F+%E7%A2%B3%E7%83%A4%E9%A6%99%E9%9B%9E%E6%8E%92/@23.0110572,120.1971124,17z/data=!3m1!4b1!4m6!3m5!1s0x346e777f8c8d1a55:0x97deae10670a9b3f!8m2!3d23.0110572!4d120.1996873!16s%2Fg%2F11jt565sbx?entry=ttu&g_ep=EgoyMDI1MDQyMy4wIKXMDSoJLDEwMjExNDU1SAFQAw%3D%3D",5.0,,2,,23.0110572,120.1996873
台南夜市,串博鐵板魂,串博鐵板魂,台南市,北區,,內,"https://www.google.com/maps/place/%E4%B8%B2%E5%8D%9A%E9%90%B5%E6%9D%BF%E9%AD%82/@23.0108529,120.1977401,17z/data=!3m1!4b1!4m6!3m5!1s0x346e770061f647a5:0x494098533c6b2565!8m2!3d23.0108529!4d120.200315!16s%2Fg%2F11vwqt3f25?entry=ttu&g_ep=EgoyMDI1MDQyMy4wIKXMDSoJLDEwMjExNDU1SAFQAw%3D%3D",4.5,,2,,23.0108529,120.200315
台南夜市,陳大民麻辣鴨血,陳大民麻辣鴨血(花園夜市),台南市,北區,,UnnamedRoad,"https://www.google.com/maps/place/%E9%99%B3%E5%A4%A7%E6%B0%91%E9%BA%BB%E8%BE%A3%E9%B4%A8%E8%A1%80(%E8%8A%B1%E5%9C%92%E5%A4%9C%E5%B8%82)/@23.0105495,120.1975751,17z/data=!3m1!4b1!4m6!3m5!1s0x346e7746731e74c7:0x255df9b07ef3f965!8m2!3d23.0105495!4d120.20015!16s%2Fg%2F1tctpdz1?entry=ttu&g_ep=EgoyMDI1MDQyMy4wIKXMDSoJLDEwMjExNDU1SAFQAw%3D%3D",2.3,$100-200,115,"魚蛋,碗,湯,價格,臉,大腸,眼鏡,燒酒螺,辣椒粉,中藥",23.0105495,120.20015
台南夜市,螺王黃金雲吞,螺王黃金雲吞,台南市,中西區,,中西區,https://www.google.com/maps/place/%E8%9E%BA%E7%8E%8B%E9%BB%83%E9%87%91%E9%9B%B2%E5%90%9E/data=!4m7!3m6!1s0x346e777a0e19485f:0x2050a9b86fc7cbc9!8m2!3d23.0037238!4d120.1905598!16s%2Fg%2F11kk70gk_g!19sChIJX0gZDnp3bjQRycvHb7ipUCA?authuser=0&hl=zh-TW&rclk=1,5.0,,1,,23.0037238,120.1905598
台南夜市,臭YO薯,臭YO薯（臭薯條）,台南市,中西區,,武聖夜市,"https://www.google.com/maps/place/%E8%87%ADYO%E8%96%AF%EF%BC%88%E8%87%AD%E8%96%AF%E6%A2%9D%EF%BC%89/@23.0039771,120.1875705,17z/data=!3m1!4b1!4m6!3m5!1s0x346e77e4a72be409:0x40d223401ec1c02!8m2!3d23.0039771!4d120.1901454!16s%2Fg%2F11tnwmjmtm?entry=ttu&g_ep=EgoyMDI1MDQyMy4wIKXMDSoASAFQAw%3D%3D",5.0,,14,口味,23.0039771,120.1901454
台南夜市,168老潼關肉夾饃,168老潼關肉夾饃,台南市,中西區,,號,"https://www.google.com/maps/place/168%E8%80%81%E6%BD%BC%E9%97%9C%E8%82%89%E5%A4%BE%E9%A5%83/@23.0039957,120.187663,17z/data=!3m1!4b1!4m6!3m5!1s0x346e777b85a2aa09:0xbb86287bfb3960ad!8m2!3d23.0039957!4d120.1902379!16s%2Fg%2F11st1ztbgk?entry=ttu&g_ep=EgoyMDI1MDQyMy4wIKXMDSoASAFQAw%3D%3D",4.3,$100-200,25,"薯片,酸,涼皮,招牌,價格",23.0039957,120.1902379
台南夜市,無敵袋奶,無敵袋奶,台南市,中西區,,中西區,"https://www.google.com/maps/place/%E7%84%A1%E6%95%B5%E8%A2%8B%E5%A5%B6/@23.0040586,120.1877381,17z/data=!3m1!4b1!4m6!3m5!1s0x346e771d00df1e8f:0x2e6d9c4745a1abcf!8m2!3d23.0040586!4d120.190313!16s%2Fg%2F11kk7d15k1?entry=ttu&g_ep=EgoyMDI1MDQyMy4wIKXMDSoASAFQAw%3D%3D",4.7,,3,"冰,甜",23.0040586,120.190313
台南夜市,霞蜜罐罐烤奶,霞蜜罐罐烤奶,台南市,中西區,,5排41格,"https://www.google.com/maps/place/%E9%9C%9E%E8%9C%9C%E7%BD%90%E7%BD%90%E7%83%A4%E5%A5%B6/@23.0039975,120.1880664,17z/data=!3m1!4b1!4m6!3m5!1s0x346e7742db01838b:0x81a2536e1d798710!8m2!3d23.0039975!4d120.1906413!16s%2Fg%2F11lyjb2lm3?entry=ttu&g_ep=EgoyMDI1MDQyMy4wIKXMDSoASAFQAw%3D%3D",1.0,,1,,23.0039975,120.1906413
台南夜市,黃記辣脆腸,黃記辣脆腸,台南市,中西區,,武聖夜市,"https://www.google.com/maps/place/%E9%BB%83%E8%A8%98%E8%BE%A3%E8%84%86%E8%85%B8/@23.0038765,120.1874762,17z/data=!3m1!4b1!4m6!3m5!1s0x346e7721d7ed5cfb:0x58075fe6233831f8!8m2!3d23.0038765!4d120.1900511!16s%2Fg%2F11sv7c3g3h?entry=ttu&g_ep=EgoyMDI1MDQyMy4wIKXMDSoASAFQAw%3D%3D",1.8,$100-200,19,"酸,排,點,價錢",23.0038765,120.1900511
台南夜市,湖美孫師兄豆花,湖美孫師兄豆花,台南市,中西區,,中西區,"https://www.google.com/maps/place/%E6%B9%96%E7%BE%8E%E5%AD%AB%E5%B8%AB%E5%85%84%E8%B1%86%E8%8A%B1/@23.0038019,120.1877079,17z/data=!3m1!4b1!4m6!3m5!1s0x346e776ada387143:0x831bf43dcf30102a!8m2!3d23.0038019!4d120.1902828!16s%2Fg%2F11kk6_whmq?entry=ttu&g_ep=EgoyMDI1MDQyMy4wIKXMDSoASAFQAw%3D%3D",5.0,$100-200,40,"甜,價格,傳統,佛,薏仁,糖水,綠豆,推車,紅豆,擺",23.0038019,120.1902828
台南夜市,阿河豆乳雞豆乳翅,阿河豆乳雞豆乳翅,台南市,中西區,,中西區,"https://www.google.com/maps/place/%E9%98%BF%E6%B2%B3%E8%B1%86%E4%B9%B3%E9%9B%9E%E8%B1%86%E4%B9%B3%E7%BF%85/@23.0045416,120.1879715,17z/data=!3m1!4b1!4m6!3m5!1s0x346e77fbe739a3fd:0xcc7f4b298ce086ab!8m2!3d23.0045416!4d120.1905464!16s%2Fg%2F11l6sj8dmp?entry=ttu&g_ep=EgoyMDI1MDQyMy4wIKXMDSoASAFQAw%3D%3D",5.0,,3,,23.0045416,120.1905464
台南夜市,三兄弟沙茶蟹肉蒜味蟹腳,三兄弟沙茶蟹肉蒜味蟹腳,台南市,中西區,,中西區,"https://www.google.com/maps/place/%E4%B8%89%E5%85%84%E5%BC%9F%E6%B2%99%E8%8C%B6%E8%9F%B9%E8%82%89%E8%92%9C%E5%91%B3%E8%9F%B9%E8%85%B3/@23.0042058,120.1879815,17z/data=!3m1!4b1!4m6!3m5!1s0x346e76427fbc557f:0xcaae4b97f6dec523!8m2!3d23.0042058!4d120.1905564!16s%2Fg%2F11f5gv492b?entry=ttu&g_ep=EgoyMDI1MDQyMy4wIKXMDSoASAFQAw%3D%3D",3.8,,48,"夜市,辣,蝦,調味,胡椒,酒,炸,運氣,鮮,生意",23.0042058,120.1905564
台南夜市,阿堯師雞蛋糕,阿堯師雞蛋糕(武聖夜市),台南市,中西區,,號,"https://www.google.com/maps/place/%E9%98%BF%E5%A0%AF%E5%B8%AB%E9%9B%9E%E8%9B%8B%E7%B3%95(%E6%AD%A6%E8%81%96%E5%A4%9C%E5%B8%82)/@23.0039806,120.1877592,17z/data=!3m1!4b1!4m6!3m5!1s0x346e7669d42b0f3f:0x7d0ae494324e2d2c!8m2!3d23.0039806!4d120.1903341!16s%2Fg%2F11f3b00xs0?entry=ttu&g_ep=EgoyMDI1MDQyMy4wIKXMDSoASAFQAw%3D%3D",4.5,,86,"內餡,紅豆,蜂蜜,口感,價錢,排隊,卡士達,綜合口味,冷,抹茶",23.0039806,120.1903341
台南夜市,武聖夜市周爸爸雞蛋糕,武聖夜市周爸爸雞蛋糕,台南市,中西區,,中西區,"https://www.google.com/maps/place/%E6%AD%A6%E8%81%96%E5%A4%9C%E5%B8%82%E5%91%A8%E7%88%B8%E7%88%B8%E9%9B%9E%E8%9B%8B%E7%B3%95/@23.0036932,120.1880416,17z/data=!3m1!4b1!4m6!3m5!1s0x346e7669d346c699:0x7aef3a3e7b9123a!8m2!3d23.0036932!4d120.1906165!16s%2Fg%2F11ggbld68g?entry=ttu&g_ep=EgoyMDI1MDQyMy4wIKXMDSoASAFQAw%3D%3D",5.0,,1,,23.0036932,120.1906165
台南夜市,謝,謝 - 旗魚黑輪（台南武聖夜市）,台南市,中西區,,第三排機車停車場,"https://www.google.com/maps/place/%E8%AC%9D+-+%E6%97%97%E9%AD%9A%E9%BB%91%E8%BC%AA%EF%BC%88%E5%8F%B0%E5%8D%97%E6%AD%A6%E8%81%96%E5%A4%9C%E5%B8%82%EF%BC%89/@23.0036784,120.1872241,17z/data=!3m1!4b1!4m6!3m5!1s0x346e778ee1de3f89:0xfc9b44c4f3ceb03e!8m2!3d23.0036784!4d120.189799!16s%2Fg%2F11g1nrnzxg?entry=ttu&g_ep=EgoyMDI1MDQyMy4wIKXMDSoASAFQAw%3D%3D",4.7,$100-200,7,,23.0036784,120.189799
逢甲夜市,逢甲十字路口魯肉飯,逢甲十字路口魯肉飯,台中市,西屯區,,福上巷339號 ,https://www.google.com/maps/place/%E9%80%A2%E7%94%B2%E5%8D%81%E5%AD%97%E8%B7%AF%E5%8F%A3%E9%AD%AF%E8%82%89%E9%A3%AF/data=!4m7!3m6!1s0x3469162199d66867:0x984e3f60f5757f0!8m2!3d24.17525!4d120.645151!16s%2Fg%2F11c55qf2fk!19sChIJZ2jWmSEWaTQR8FdXD_bjhAk?authuser=0&hl=zh-TW&rclk=1,4.0,$1-200,205,"炒麵,宵夜,豬血,便當,油豆腐,大腸,酸菜,蘿蔔,配菜,排骨",24.17525,120.645151
逢甲夜市,LETTUCE,LETTUCE,台中市,西屯區,,福上巷329號 ,https://www.google.com/maps/place/LETTUCE/data=!4m7!3m6!1s0x3469162198b608b5:0x27cdf0ef082a466a!8m2!3d24.175083!4d120.645507!16s%2Fg%2F11b7q1k5bx!19sChIJtQi2mCEWaTQRakYqCO_wzSc?authuser=0&hl=zh-TW&rclk=1,4.6,$200-400,852,"可愛,套餐,cp值,花生,紅茶,單點,手套,逢甲,邊境牧羊犬,肉醬",24.175083,120.645507
逢甲夜市,屋簷下 日式手作料理,屋簷下 日式手作料理 |售完提早打烊｜,台中市,西屯區,,福上巷232-1號 ,https://www.google.com/maps/place/%E5%B1%8B%E7%B0%B7%E4%B8%8B+%E6%97%A5%E5%BC%8F%E6%89%8B%E4%BD%9C%E6%96%99%E7%90%86+%7C%E5%94%AE%E5%AE%8C%E6%8F%90%E6%97%A9%E6%89%93%E7%83%8A%EF%BD%9C/data=!4m7!3m6!1s0x3469177c7af2590b:0xe5b0d65be17ec925!8m2!3d24.1749718!4d120.6473196!16s%2Fg%2F11rcqscshv!19sChIJC1nyenwXaTQRJcl-4VvWsOU?authuser=0&hl=zh-TW&rclk=1,4.9,$200-400,759,"炸蝦,茶碗蒸,生魚片,豬排,明太子,麥茶,可樂餅,鯖魚,逢甲夜市,照燒雞腿",24.1749718,120.6473196
逢甲夜市,泰竹泰式料理,泰竹泰式料理,台中市,西屯區,,福上巷272號 ,https://www.google.com/maps/place/%E6%B3%B0%E7%AB%B9%E6%B3%B0%E5%BC%8F%E6%96%99%E7%90%86/data=!4m7!3m6!1s0x346916219e5b4b1d:0x8ebfe2d866505b6e!8m2!3d24.1751236!4d120.6457601!16s%2Fg%2F1pztfdqwj!19sChIJHUtbniEWaTQRbltQZtjiv44?authuser=0&hl=zh-TW&rclk=1,4.4,$1-200,607,"套餐,飯,cp值,椒麻雞,月亮蝦餅,小菜,酸,吃到飽,花椰菜,雞腿",24.1751236,120.6457601
逢甲夜市,Now.鬧brunch,Now.鬧brunch,台中市,西屯區,,福上巷321-1號 ,https://www.google.com/maps/place/Now.%E9%AC%A7brunch/data=!4m7!3m6!1s0x346917f8fcf4bf17:0xd491441af0d44962!8m2!3d24.1749694!4d120.645681!16s%2Fg%2F11khznp0f6!19sChIJF7_0_PgXaTQRYknU8BpEkdQ?authuser=0&hl=zh-TW&rclk=1,4.9,$200-400,389,"義大利麵,豬排,餐酒館,白醬,燉牛肉,迷迭香,青醬,漢堡排,sangria,私廚",24.1749694,120.645681
逢甲夜市,莫果韓式飯捲,莫果韓式飯捲,台中市,西屯區,,福上巷216弄14號 ,https://www.google.com/maps/place/%E8%8E%AB%E6%9E%9C%E9%9F%93%E5%BC%8F%E9%A3%AF%E6%8D%B2/data=!4m7!3m6!1s0x3469179d5149cc3d:0x289e309400ce77f8!8m2!3d24.1759537!4d120.6482256!16s%2Fg%2F11sxwpbgw3!19sChIJPcxJUZ0XaTQR-HfOAJQwnig?authuser=0&hl=zh-TW&rclk=1,4.7,$200-400,653,"飯卷,炸雞,鮪魚,麥茶,招牌,麻油,魚板,環境,逢甲夜市,砂鍋",24.1759537,120.6482256
逢甲夜市,有財有甜,有財有甜（脆糖肉蛋吐司） 逢甲美食/逢甲宵夜/西屯美食/西屯宵夜/午餐/宵夜/點心/炸物,台中市,西屯區,,之7 ,https://www.google.com/maps/place/%E6%9C%89%E8%B2%A1%E6%9C%89%E7%94%9C%EF%BC%88%E8%84%86%E7%B3%96%E8%82%89%E8%9B%8B%E5%90%90%E5%8F%B8%EF%BC%89+%E9%80%A2%E7%94%B2%E7%BE%8E%E9%A3%9F%2F%E9%80%A2%E7%94%B2%E5%AE%B5%E5%A4%9C%2F%E8%A5%BF%E5%B1%AF%E7%BE%8E%E9%A3%9F%2F%E8%A5%BF%E5%B1%AF%E5%AE%B5%E5%A4%9C%2F%E5%8D%88%E9%A4%90%2F%E5%AE%B5%E5%A4%9C%2F%E9%BB%9E%E5%BF%83%2F%E7%82%B8%E7%89%A9/data=!4m7!3m6!1s0x3469170047ede30d:0xe60c7309293fd4bd!8m2!3d24.1764628!4d120.6468002!16s%2Fg%2F11w32wkp_v!19sChIJDePtRwAXaTQRvdQ_KQlzDOY?authuser=0&hl=zh-TW&rclk=1,4.9,$1-200,338,"雞排,雞腿,醬,豬排,生菜,足,花生,煎,酥脆,內環境",24.1764628,120.6468002
逢甲夜市,三民煮藝,三民煮藝,台中市,西屯區,,福上巷216弄37-2號 ,https://www.google.com/maps/place/%E4%B8%89%E6%B0%91%E7%85%AE%E8%97%9D/data=!4m7!3m6!1s0x346917b5d30a8fd3:0xedadcc12ee5151bf!8m2!3d24.176169!4d120.6484827!16s%2Fg%2F11pww9dl7h!19sChIJ048K07UXaTQRv1FR7hLMre0?authuser=0&hl=zh-TW&rclk=1,4.7,$1-200,227,"豬肝,紅油抄手,狗,牛筋,麻辣,豆干,澱粉,花椒,紅燒牛肉,粗麵",24.176169,120.6484827
逢甲夜市,吉拿條子,吉拿條子,台中市,,,,https://www.google.com/maps/place/%E5%90%89%E6%8B%BF%E6%A2%9D%E5%AD%90/data=!4m7!3m6!1s0x346917de8c2ed0df:0x1caadf1427b830f2!8m2!3d24.1797487!4d120.6456247!16s%2Fg%2F11f63779z1!19sChIJ39AujN4XaTQR8jC4JxTfqhw?authuser=0&hl=zh-TW&rclk=1,,,0,,24.1797487,120.6456247
逢甲夜市,辛韓味,辛韓味(Korean food / ramen & tteokbokki),台中市,西屯區,, ,"https://www.google.com/maps/place/%E8%BE%9B%E9%9F%93%E5%91%B3(Korean+food+%2F+ramen+%26+tteokbokki)/@24.1790197,120.6456831,21z/data=!4m6!3m5!1s0x346917c32e8b9f5f:0x4f7674c407c48132!8m2!3d24.1790625!4d120.6458125!16s%2Fg%2F11lf3sh14r?entry=tts&g_ep=EgoyMDI1MDQyMi4wIPu8ASoASAFQAw%3D%3D&skid=41fa655d-6011-48fa-9b84-fa25c5d57818",4.7,$1-200,55,"起司,煮,道,碗,價格",24.1790625,120.6458125
逢甲夜市,豆趣小雞,豆趣小雞（特製豆乳雞）,台中市,,,,"https://www.google.com/maps/place/%E8%B1%86%E8%B6%A3%E5%B0%8F%E9%9B%9E%EF%BC%88%E7%89%B9%E8%A3%BD%E8%B1%86%E4%B9%B3%E9%9B%9E%EF%BC%89/@24.1798192,120.6456482,21z/data=!4m6!3m5!1s0x34691776bcb9fdaf:0xa79f2c1ee779b5e9!8m2!3d24.1797563!4d120.6455879!16s%2Fg%2F11x6nnxfm2?entry=tts&g_ep=EgoyMDI1MDQyMi4wIPu8ASoASAFQAw%3D%3D&skid=8d75cce1-657a-4492-be9b-8f91e44db961",,,0,,24.1797563,120.6455879
逢甲夜市,大湖現採有機草莓,大湖現採有機草莓,台中市,西屯區,, ,"https://www.google.com.tw/maps/place/%E5%A4%A7%E6%B9%96%E7%8F%BE%E6%8E%A1%E6%9C%89%E6%A9%9F%E8%8D%89%E8%8E%93/@24.1778736,120.6464004,21z/data=!4m6!3m5!1s0x34691700471ebed3:0xd4f3c20428a148d0!8m2!3d24.1778688!4d120.6465939!16s%2Fg%2F11vrz_7mg2?entry=tts&g_ep=EgoyMDI1MDQyMS4wIPu8ASoASAFQAw%3D%3D&skid=4b0fb04e-4924-4cd2-8093-6797eeb0881c",3.3,$1-200,3,販賣,24.1778688,120.6465939
逢甲夜市,菠羅先生,菠羅先生,台中市,西屯區,, ,"https://www.google.com.tw/maps/place/%E8%8F%A0%E7%BE%85%E5%85%88%E7%94%9F/@24.1785264,120.6456666,21z/data=!4m6!3m5!1s0x34691622530ab405:0x7b43515640e780c8!8m2!3d24.1785829!4d120.6456996!16s%2Fg%2F11f4l96rfz?entry=tts&g_ep=EgoyMDI1MDQyMS4wIPu8ASoASAFQAw%3D%3D&skid=8353b3fe-1a1f-42a5-96fa-b09ff6a50580",3.7,$1-200,25,"菠蘿,烤,組合,眼鏡,臭,臉,店員",24.1785829,120.6456996
逢甲夜市,府城鍋燒意麵,府城鍋燒意麵,台中市,西屯區,,逢甲巷32弄1號 ,"https://www.google.com.tw/maps/place/%E5%BA%9C%E5%9F%8E%E9%8D%8B%E7%87%92%E6%84%8F%E9%BA%B5/@24.1764758,120.6475821,21z/data=!4m6!3m5!1s0x3469170064862ef9:0xe34ba13f221b7172!8m2!3d24.1763737!4d120.6477893!16s%2Fg%2F11y2dd6sf5?entry=tts&g_ep=EgoyMDI1MDQyMy4wIPu8ASoASAFQAw%3D%3D&skid=8a7830d9-5f35-4d3b-8728-a50ede5cc127",5.0,,3,碗,24.1763737,120.6477893
逢甲夜市,米丹,米丹-逢甲創始店,台中市,西屯區,,福上巷216弄28號 ,"https://www.google.com.tw/maps/place/%E7%B1%B3%E4%B8%B9-%E9%80%A2%E7%94%B2%E5%89%B5%E5%A7%8B%E5%BA%97/@24.176455,120.6482606,21z/data=!4m6!3m5!1s0x346917cc71b8b8db:0x7c152dad7acec94a!8m2!3d24.1764905!4d120.6483233!16s%2Fg%2F11s0v0fk29?entry=tts&g_ep=EgoyMDI1MDQyMy4wIPu8ASoASAFQAw%3D%3D&skid=4bcaaf53-52a8-4a81-bb14-490f71371da0",4.2,$1-200,130,"肉燥飯,包裝,靈魂,碗,拌麵,罐頭,外帶,豆腐,環保,皮蛋",24.1764905,120.6483233
逢甲夜市,弘爺漢堡 福上店,弘爺漢堡 福上店,台中市,西屯區,,福上巷218號 ,"https://www.google.com.tw/maps/place/%E5%BC%98%E7%88%BA%E6%BC%A2%E5%A0%A1+%E7%A6%8F%E4%B8%8A%E5%BA%97/@24.1749608,120.6481963,21z/data=!4m6!3m5!1s0x346916214ef98a8b:0x47db6625d3c3b53d!8m2!3d24.1749211!4d120.6482308!16s%2Fg%2F11bz_t4qjv?entry=tts&g_ep=EgoyMDI1MDQyMy4wIPu8ASoASAFQAw%3D%3D&skid=912b063f-66a3-4e35-8a31-1deb4d3f273c",3.5,$1-200,215,"電話,蛋,奶茶,店員,煎,豆漿,生菜,口氣,醬油,胡椒",24.1749211,120.6482308
逢甲夜市,早安有喜,早安有喜 - 逢甲店,台中市,西屯區,,福上巷214弄104號 ,"https://www.google.com.tw/maps/place/%E6%97%A9%E5%AE%89%E6%9C%89%E5%96%9C+-+%E9%80%A2%E7%94%B2%E5%BA%97/@24.1760767,120.6500058,21z/data=!4m6!3m5!1s0x346917da28ccfa03:0x8adcffeff7803caf!8m2!3d24.176114!4d120.650001!16s%2Fg%2F11hdprf6hs?entry=tts&g_ep=EgoyMDI1MDQyMy4wIPu8ASoASAFQAw%3D%3D&skid=e695d9ee-a9e5-470a-a16e-9454f9e7b7a2",3.6,$1-200,689,"蛋餅,店員,炒麵,外送,眼鏡,蘿蔔糕,外帶,早餐店,大阪燒,地瓜",24.176114,120.650001
逢甲夜市,越南美食 媽媽的私房菜,越南美食 媽媽的私房菜,台中市,西屯區,,福上巷214弄98號 ,"https://www.google.com.tw/maps/place/%E8%B6%8A%E5%8D%97%E7%BE%8E%E9%A3%9F+%E5%AA%BD%E5%AA%BD%E7%9A%84%E7%A7%81%E6%88%BF%E8%8F%9C/@24.1761434,120.6499844,21z/data=!4m6!3m5!1s0x346916241726a3df:0x9dbf18b980e08bbd!8m2!3d24.1762694!4d120.6499863!16s%2Fg%2F11hbv0xsf_?entry=tts&g_ep=EgoyMDI1MDQyMy4wIPu8ASoASAFQAw%3D%3D&skid=6a1d9e3b-61cf-4cdf-85c7-9ac5962b7bf6",4.2,$1-200,106,"河粉,辣,湯,春捲,價格,米線,法國麵包,爌肉飯,豆芽菜,打拋",24.1762694,120.6499863
逢甲夜市,阿鴻麵線,阿鴻麵線 (有間麵線),台中市,西屯區,,福上巷214弄112號 ,"https://www.google.com.tw/maps/place/%E9%98%BF%E9%B4%BB%E9%BA%B5%E7%B7%9A+(%E6%9C%89%E9%96%93%E9%BA%B5%E7%B7%9A)/@24.176322,120.6498771,21z/data=!4m6!3m5!1s0x3469162415a5ee37:0xbfc7f324acd90a9f!8m2!3d24.1763758!4d120.65001!16s%2Fg%2F11bx2kyfww?entry=tts&g_ep=EgoyMDI1MDQyMy4wIPu8ASoASAFQAw%3D%3D&skid=50f68ec7-04f3-470a-85de-c7cafd44fe85",4.1,$1-200,74,"大腸麵線,肉圓,碗,臭豆腐,杯,飲料,炸豆腐,辣醬,甜不辣,泡菜",24.1763758,120.65001
逢甲夜市,嫄美文創X食肆,嫄美文創X食肆,台中市,西屯區,,福上巷214弄86號 ,"https://www.google.com.tw/maps/place/%E5%AB%84%E7%BE%8E%E6%96%87%E5%89%B5X%E9%A3%9F%E8%82%86/@24.1764947,120.6496391,21z/data=!4m6!3m5!1s0x3469170060a6231b:0x4f42383b0709bf4a!8m2!3d24.1764315!4d120.6497302!16s%2Fg%2F11lp00kb89?entry=tts&g_ep=EgoyMDI1MDQyMy4wIPu8ASoASAFQAw%3D%3D&skid=55117cb2-7055-4137-a75d-f928f99af15e",1.0,,1,,24.1764315,120.6497302
逢甲夜市,找餐店,找餐店-逢甲福上店,台中市,西屯區,,福上巷214弄80號 ,"https://www.google.com.tw/maps/place/%E6%89%BE%E9%A4%90%E5%BA%97-%E9%80%A2%E7%94%B2%E7%A6%8F%E4%B8%8A%E5%BA%97/@24.1764709,120.6494406,21z/data=!4m6!3m5!1s0x346917005a34a3a3:0x65b745f12eee82!8m2!3d24.1763773!4d120.649606!16s%2Fg%2F11vz8sdth6?entry=tts&g_ep=EgoyMDI1MDQyMy4wIPu8ASoASAFQAw%3D%3D&skid=fe6a4be3-c4d4-474e-98c8-52b5278247c8",4.4,$1-200,254,,24.1763773,120.649606
逢甲夜市,波記重慶酸辣粉麻辣鴨血臭豆腐,波記重慶酸辣粉麻辣鴨血臭豆腐（逢甲店）,台中市,西屯區,,福上巷214弄82號逢甲大學城 ,"https://www.google.com.tw/maps/place/%E6%B3%A2%E8%A8%98%E9%87%8D%E6%85%B6%E9%85%B8%E8%BE%A3%E7%B2%89%E9%BA%BB%E8%BE%A3%E9%B4%A8%E8%A1%80%E8%87%AD%E8%B1%86%E8%85%90%EF%BC%88%E9%80%A2%E7%94%B2%E5%BA%97%EF%BC%89/@24.1764317,120.6493461,21z/data=!4m6!3m5!1s0x34693d0dc235fa17:0x37a38aece127b001!8m2!3d24.1763702!4d120.6495778!16s%2Fg%2F11hf36ff34?entry=tts&g_ep=EgoyMDI1MDQyMy4wIPu8ASoASAFQAw%3D%3D&skid=df60253d-b354-41ad-abbd-fdc8420382b8",4.1,$1-200,98,"外送,烤魚,菜,大腸,酸豆,中藥,金針菇,熊貓,豆干,水餃",24.1763702,120.6495778
逢甲夜市,協力旺雞排,協力旺雞排,台中市,西屯區,,福上巷214弄96_1號 ,"https://www.google.com.tw/maps/place/%E5%8D%94%E5%8A%9B%E6%97%BA%E9%9B%9E%E6%8E%92/@24.1764317,120.6493461,21z/data=!4m6!3m5!1s0x3469162413e139af:0x871b464935e7ca38!8m2!3d24.1764147!4d120.649417!16s%2Fg%2F11g6tmt0l8?entry=tts&g_ep=EgoyMDI1MDQyMy4wIPu8ASoASAFQAw%3D%3D&skid=5a764935-1596-42fb-bbe3-b1e0accbf301",4.4,$1-200,90,"甜不辣,價格,餐,鹹酥雞,薯條,宵夜,梅",24.1764147,120.649417
逢甲夜市,蟲洞,蟲洞-Wormhole-ワームホール,台中市,西屯區,,逢甲巷28弄2號 ,"https://www.google.com.tw/maps/place/%E8%9F%B2%E6%B4%9E-Wormhole-%E3%83%AF%E3%83%BC%E3%83%A0%E3%83%9B%E3%83%BC%E3%83%AB/@24.1758327,120.6475313,21z/data=!4m6!3m5!1s0x346917ffcae252f3:0xd5ec09135a2890e9!8m2!3d24.1757691!4d120.6476311!16s%2Fg%2F11g0gx8__j?entry=tts&g_ep=EgoyMDI1MDQyMy4wIPu8ASoASAFQAw%3D%3D&skid=ba7926b2-25e0-4734-830a-6b49bd90f379",4.8,,92,"語言,空間,文化,聊天,人際交往,烏龍麵,聚餐,咖哩,跨國企業,照燒",24.1757691,120.6476311
逢甲夜市,聚吧飛鏢餐酒坊,聚吧飛鏢餐酒坊,台中市,西屯區,,福上巷271號 ,"https://www.google.com.tw/maps/place/%E8%81%9A%E5%90%A7%E9%A3%9B%E9%8F%A2%E9%A4%90%E9%85%92%E5%9D%8A/@24.1748621,120.6480797,21z/data=!4m6!3m5!1s0x346917a9d7968d47:0xd83f2b8adde0a23d!8m2!3d24.1748384!4d120.6481515!16s%2Fg%2F11hz5r200s?entry=tts&g_ep=EgoyMDI1MDQyMy4wIPu8ASoASAFQAw%3D%3D&skid=fe812132-c9e3-4497-b919-fb3fc6f97660",4.7,,33,調酒,24.1748384,120.6481515
逢甲夜市,彭家牛肉麵,彭家牛肉麵 (台中逢甲店),台中市,西屯區,,福上巷275號 ,"https://www.google.com.tw/maps/place/%E5%BD%AD%E5%AE%B6%E7%89%9B%E8%82%89%E9%BA%B5+(%E5%8F%B0%E4%B8%AD%E9%80%A2%E7%94%B2%E5%BA%97)/@24.1748988,120.647906,21z/data=!4m6!3m5!1s0x3469162145845bb3:0xf6c3e8682875ac7c!8m2!3d24.1749961!4d120.6479706!16s%2Fg%2F11gf8g5cdn?entry=tts&g_ep=EgoyMDI1MDQyMy4wIPu8ASoASAFQAw%3D%3D&skid=1d0b9b32-61c9-470e-a22e-90eb4c1ede58",3.3,$1-200,83,"水餃,滷肉飯,麵湯,價格,信,湯飯,螞蟻,蛋花湯,榨菜,柴",24.1749961,120.6479706
逢甲夜市,墨煦 Libertatia,墨煦 Libertatia,台中市,西屯區,,福上巷275-2號 ,"https://www.google.com.tw/maps/place/%E5%A2%A8%E7%85%A6+Libertatia/@24.1748988,120.647906,21z/data=!4m6!3m5!1s0x34691730108fcf2b:0xab72bd4d9c619732!8m2!3d24.1747241!4d120.6478062!16s%2Fg%2F11x7t4r66t?entry=tts&g_ep=EgoyMDI1MDQyMy4wIPu8ASoASAFQAw%3D%3D&skid=44d59d41-3cc4-4e0c-92c2-aa13b72afae5",5.0,$200-400,5,"薯塊,咖啡",24.1747241,120.6478062
逢甲夜市,～燒蛋幾咧⭐️來呷哈豆～ 雞蛋仔串燒 肉醬熱狗堡 ⭐️碧仙殿 文王大帝 王母娘娘 天上聖母 晶石靈數手串DIY 奇門遁甲 易經卜卦 神諭塔羅,～燒蛋幾咧⭐️來呷哈豆～ 雞蛋仔串燒 肉醬熱狗堡 ⭐️碧仙殿 文王大帝 王母娘娘 天上聖母 晶石靈數手串DIY 奇門遁甲 易經卜卦 神諭塔羅,台中市,西屯區,,福上巷232號 ,"https://www.google.com.tw/maps/place/%EF%BD%9E%E7%87%92%E8%9B%8B%E5%B9%BE%E5%92%A7%E2%AD%90%EF%B8%8F%E4%BE%86%E5%91%B7%E5%93%88%E8%B1%86%EF%BD%9E+%E9%9B%9E%E8%9B%8B%E4%BB%94%E4%B8%B2%E7%87%92+%E8%82%89%E9%86%AC%E7%86%B1%E7%8B%97%E5%A0%A1+%E2%AD%90%EF%B8%8F%E7%A2%A7%E4%BB%99%E6%AE%BF+%E6%96%87%E7%8E%8B%E5%A4%A7%E5%B8%9D+%E7%8E%8B%E6%AF%8D%E5%A8%98%E5%A8%98+%E5%A4%A9%E4%B8%8A%E8%81%96%E6%AF%8D+%E6%99%B6%E7%9F%B3%E9%9D%88%E6%95%B8%E6%89%8B%E4%B8%B2DIY+%E5%A5%87%E9%96%80%E9%81%81%E7%94%B2+%E6%98%93%E7%B6%93%E5%8D%9C%E5%8D%A6+%E7%A5%9E%E8%AB%AD%E5%A1%94%E7%BE%85/@24.1750373,120.6472319,21z/data=!4m6!3m5!1s0x346917f746c6e63d:0xb8f48b06a3de591!8m2!3d24.1749718!4d120.6473196!16s%2Fg%2F11s5047yc1?entry=tts&g_ep=EgoyMDI1MDQyMy4wIPu8ASoASAFQAw%3D%3D&skid=6faacc2f-a8e1-4706-b265-291dc33d4bed",4.9,$1-200,55,"蘿蔔糕,肉燥,熔岩,價格,起司,蛋餅,宵夜,飯,甜,漢堡肉",24.1749718,120.6473196
逢甲夜市,賢淑齋素食滷味,賢淑齋素食滷味,台中市,西屯區,,福上巷236號 ,"https://www.google.com.tw/maps/place/%E8%B3%A2%E6%B7%91%E9%BD%8B%E7%B4%A0%E9%A3%9F%E6%BB%B7%E5%91%B3/@24.1749559,120.6470267,21z/data=!4m6!3m5!1s0x346916216a336f5f:0x782d6bcc4bf8812b!8m2!3d24.1749465!4d120.6471405!16s%2Fg%2F11bzs1c_2x?entry=tts&g_ep=EgoyMDI1MDQyMy4wIPu8ASoASAFQAw%3D%3D&skid=6d39634a-b79a-4d0f-92c6-af9c3dbc51e7",4.2,$1-200,148,"辣,價格,湯,中藥,碗,二手書,書店,調味料,逢甲夜市,口乾",24.1749465,120.6471405
逢甲夜市,山終小鄰義大利麵專賣,山終小鄰義大利麵專賣,台中市,西屯區,,華夏巷東一弄18號 ,"https://www.google.com.tw/maps/place/%E5%B1%B1%E7%B5%82%E5%B0%8F%E9%84%B0%E7%BE%A9%E5%A4%A7%E5%88%A9%E9%BA%B5%E5%B0%88%E8%B3%A3/@24.1806334,120.644973,21z/data=!4m6!3m5!1s0x346917005da90fd9:0x13e969be75373721!8m2!3d24.1807631!4d120.6447226!16s%2Fg%2F11wc9r_0vz?entry=tts&g_ep=EgoyMDI1MDQyMy4wIPu8ASoASAFQAw%3D%3D&skid=a569dc07-c7f0-47fe-bb97-1f0b01c1b93d",4.7,$200-400,84,"價格,白醬,蛤蜊,環境,炒,香,青醬,奶,舒適,宮保",24.1807631,120.6447226
逢甲夜市,感覺貓貓der,感覺貓貓der ｜老宅家庭式貓咖啡廳（營業時間外請勿來電）,台中市,西屯區,,華夏巷東二弄15號 ,"https://www.google.com.tw/maps/place/%E6%84%9F%E8%A6%BA%E8%B2%93%E8%B2%93der+%EF%BD%9C%E8%80%81%E5%AE%85%E5%AE%B6%E5%BA%AD%E5%BC%8F%E8%B2%93%E5%92%96%E5%95%A1%E5%BB%B3%EF%BC%88%E7%87%9F%E6%A5%AD%E6%99%82%E9%96%93%E5%A4%96%E8%AB%8B%E5%8B%BF%E4%BE%86%E9%9B%BB%EF%BC%89/@24.1805844,120.6448745,21z/data=!4m6!3m5!1s0x3469173595e0a393:0xac738c6030a3270f!8m2!3d24.1807126!4d120.6446759!16s%2Fg%2F11sv5j4f1k?entry=tts&g_ep=EgoyMDI1MDQyMy4wIPu8ASoASAFQAw%3D%3D&skid=0954ff23-5d32-4b54-ae73-b84fb14afcae",4.9,$200-400,152,"舒適,餐,環境,雞蛋仔,空間,療癒,小孩,下午,領養,個性",24.1807126,120.6446759
逢甲夜市,豬豬拉麵屋,豬豬拉麵屋-逢甲旗艦店,台中市,西屯區,,華夏巷東三弄11-1號 ,"https://www.google.com.tw/maps/place/%E8%B1%AC%E8%B1%AC%E6%8B%89%E9%BA%B5%E5%B1%8B-%E9%80%A2%E7%94%B2%E6%97%97%E8%89%A6%E5%BA%97/@24.1803469,120.6447106,21z/data=!4m6!3m5!1s0x346917f96caba947:0xc5ce46724daccf68!8m2!3d24.1804271!4d120.6447205!16s%2Fg%2F11mcd67m0_?entry=tts&g_ep=EgoyMDI1MDQyMy4wIPu8ASoASAFQAw%3D%3D&skid=881221cb-4258-4880-be0b-d3dbab60104f",4.9,$1-200,28,"炸豆腐,咖哩,薯條",24.1804271,120.6447205
逢甲夜市,野人会所,野人会所,台中市,西屯區,,華夏巷東三弄11號 ,"https://www.google.com.tw/maps/place/%E9%87%8E%E4%BA%BA%E4%BC%9A%E6%89%80/@24.1803469,120.6447106,21z/data=!4m6!3m5!1s0x346917803eadb265:0xb2cdc34e931ad37e!8m2!3d24.1803741!4d120.6446588!16s%2Fg%2F11nnlfck1y?entry=tts&g_ep=EgoyMDI1MDQyMy4wIPu8ASoASAFQAw%3D%3D&skid=37e7038f-13f5-4b56-9535-4c17c94c601e",4.9,$200-400,149,"咖哩,露營,餐,杯,炸醬麵,炸蝦,空間,舒服,shot,口味",24.1803741,120.6446588
逢甲夜市,楊記七股鮮蚵嗲《產地直送》,楊記七股鮮蚵嗲《產地直送》,台中市,西屯區,,福上巷298號 ,"https://www.google.com.tw/maps/place/%E6%A5%8A%E8%A8%98%E4%B8%83%E8%82%A1%E9%AE%AE%E8%9A%B5%E5%97%B2%E3%80%8A%E7%94%A2%E5%9C%B0%E7%9B%B4%E9%80%81%E3%80%8B/@24.1754201,120.6450564,21z/data=!4m6!3m5!1s0x34691784eced3c49:0xa7634ba3def8421f!8m2!3d24.1754333!4d120.6452562!16s%2Fg%2F11j36dsqmd?entry=tts&g_ep=EgoyMDI1MDQyMy4wIPu8ASoASAFQAw%3D%3D&skid=23ae8f96-2d21-470d-8970-5d131b691a3e",4.9,$200-400,493,"烤,蛤蜊,蚵仔酥,炸,甜,吳郭魚,宵夜,幽默,遮目魚粥,魚皮",24.1754333,120.6452562
逢甲夜市,Mowan港式 串烤雞蛋仔 逢甲圓舞曲,Mowan港式 串烤雞蛋仔 逢甲圓舞曲,台中市,西屯區,,福上巷258號 ,"https://www.google.com.tw/maps/place/Mowan%E6%B8%AF%E5%BC%8F+%E4%B8%B2%E7%83%A4%E9%9B%9E%E8%9B%8B%E4%BB%94+%E9%80%A2%E7%94%B2%E5%9C%93%E8%88%9E%E6%9B%B2/@24.1749075,120.6460718,21z/data=!4m6!3m5!1s0x346917b289d22eb7:0x788e74a8f994b2a7!8m2!3d24.1750539!4d120.6460772!16s%2Fg%2F11y1fsjs6b?entry=tts&g_ep=EgoyMDI1MDQyMy4wIPu8ASoASAFQAw%3D%3D&skid=0f9abc70-8b34-41ca-987d-d5d76079b4c2",4.5,,38,"麻糬,起司,口味,口感,黑糖,煙燻,選擇,腸,酥脆,QQ",24.1750539,120.6460772
逢甲夜市,南洋廚坊,南洋廚坊,台中市,西屯區,,福上巷278號 ,"https://www.google.com.tw/maps/place/%E5%8D%97%E6%B4%8B%E5%BB%9A%E5%9D%8A/@24.1750929,120.6455676,21z/data=!4m6!3m5!1s0x346917df38d2b541:0x7fd4d42865412993!8m2!3d24.1751533!4d120.6455858!16s%2Fg%2F1vr39x_h?entry=tts&g_ep=EgoyMDI1MDQyMy4wIPu8ASoASAFQAw%3D%3D&skid=5a25de82-71a8-43fb-bda5-2a3066ac638f",4.4,$1-200,843,"河粉,綠咖哩,打拋,涼麵,炒飯,椒麻雞,月亮蝦餅,板條,炒河,紅燒牛肉",24.1751533,120.6455858
逢甲夜市,彭記鵝肉大王,彭記鵝肉大王-西屯必吃鵝肉|特色小吃|街邊美食|平價小吃|台灣小吃|在地推薦美食,台中市,西屯區,,福上巷288號 ,"https://www.google.com.tw/maps/place/%E5%BD%AD%E8%A8%98%E9%B5%9D%E8%82%89%E5%A4%A7%E7%8E%8B-%E8%A5%BF%E5%B1%AF%E5%BF%85%E5%90%83%E9%B5%9D%E8%82%89%7C%E7%89%B9%E8%89%B2%E5%B0%8F%E5%90%83%7C%E8%A1%97%E9%82%8A%E7%BE%8E%E9%A3%9F%7C%E5%B9%B3%E5%83%B9%E5%B0%8F%E5%90%83%7C%E5%8F%B0%E7%81%A3%E5%B0%8F%E5%90%83%7C%E5%9C%A8%E5%9C%B0%E6%8E%A8%E8%96%A6%E7%BE%8E%E9%A3%9F/@24.17514,120.6454958,21z/data=!4m6!3m5!1s0x3469170942264f69:0x14ee71e08d19b1ff!8m2!3d24.175257!4d120.6454249!16s%2Fg%2F11q3t9jtkp?entry=tts&g_ep=EgoyMDI1MDQyMy4wIPu8ASoASAFQAw%3D%3D&skid=ea7e2bef-f2b6-4e72-9a8f-9b03a72b5d8c",4.8,$1-200,495,"鵝肉,米血,冬粉,煙燻,滷味,去骨,內臟,腸,意麵,板條",24.175257,120.6454249
逢甲夜市,逢甲生煎包,逢甲生煎包,台中市,西屯區,,福上巷308號,"https://www.google.com.tw/maps/place/%E9%80%A2%E7%94%B2%E7%94%9F%E7%85%8E%E5%8C%85/@24.1750158,120.6445518,21z/data=!4m6!3m5!1s0x3469162196ca06a1:0xe8a97f5a4aeaae!8m2!3d24.1748098!4d120.6444516!16s%2Fg%2F11cs3zcpbg?entry=tts&g_ep=EgoyMDI1MDQyMy4wIPu8ASoASAFQAw%3D%3D&skid=a3a18e94-8b27-4ea7-8824-b2d81a8051f2",3.3,$1-200,33,"內餡,高麗菜,口感",24.1748098,120.6444516
士林夜市,阿德泰式煎餅&奶茶,阿德泰式煎餅&奶茶,台北市,士林區,, ,"https://www.google.com.tw/maps/place/%E5%9C%93%E9%80%9A%E7%B4%A0%E9%A3%9F%E9%A4%A8/@25.0925155,121.5254184,20.5z/data=!4m6!3m5!1s0x3442aebb35a58df1:0x88de55f48cc298fb!8m2!3d25.092447!4d121.525374!16s%2Fg%2F1tx_41mn?authuser=0&entry=tts&g_ep=EgoyMDI1MDUwNS4wIPu8ASoASAFQAw%3D%3D&skid=d1625502-f91e-4746-9576-4cebf8bf1c55",4.4,$1-200,58,"香蕉,煉乳,夜市,泰式奶茶,內餡,甩餅,口味,酥脆,皮,道",25.092447,121.525374
士林夜市,腸腸久久大腸包小腸,腸腸久久大腸包小腸,台北市,,,,"https://www.google.com.tw/maps/place/%E5%9C%93%E9%80%9A%E7%B4%A0%E9%A3%9F%E9%A4%A8/@25.0925155,121.5254184,20.5z/data=!4m6!3m5!1s0x3442aebb35a58df1:0x88de55f48cc298fb!8m2!3d25.092447!4d121.525374!16s%2Fg%2F1tx_41mn?authuser=0&entry=tts&g_ep=EgoyMDI1MDUwNS4wIPu8ASoASAFQAw%3D%3D&skid=d1625502-f91e-4746-9576-4cebf8bf1c55",,,0,,25.092447,121.525374
士林夜市,耀中小吃店,耀中小吃店,台北市,士林區,, ,"https://www.google.com.tw/maps/place/%E5%9C%93%E9%80%9A%E7%B4%A0%E9%A3%9F%E9%A4%A8/@25.0925155,121.5254184,20.5z/data=!4m6!3m5!1s0x3442aebb35a58df1:0x88de55f48cc298fb!8m2!3d25.092447!4d121.525374!16s%2Fg%2F1tx_41mn?authuser=0&entry=tts&g_ep=EgoyMDI1MDUwNS4wIPu8ASoASAFQAw%3D%3D&skid=d1625502-f91e-4746-9576-4cebf8bf1c55",4.7,$1-200,27,"炒,羊肉,店面,士林夜市,美食,碗,飯,價格",25.092447,121.525374
士林夜市,日上鐵板燒,日上鐵板燒,台北市,士林區,,25.26 ,"https://www.google.com.tw/maps/place/%E5%9C%93%E9%80%9A%E7%B4%A0%E9%A3%9F%E9%A4%A8/@25.0925155,121.5254184,20.5z/data=!4m6!3m5!1s0x3442aebb35a58df1:0x88de55f48cc298fb!8m2!3d25.092447!4d121.525374!16s%2Fg%2F1tx_41mn?authuser=0&entry=tts&g_ep=EgoyMDI1MDUwNS4wIPu8ASoASAFQAw%3D%3D&skid=d1625502-f91e-4746-9576-4cebf8bf1c55",4.3,$200-400,325,"豆腐,外送,熊貓,夜市,煎,牛排,美食,碗,油,料",25.092447,121.525374
士林夜市,士林夜市 碳燒烤奶茶,士林夜市 碳燒烤奶茶,台北市,,,,"https://www.google.com.tw/maps/place/%E5%9C%93%E9%80%9A%E7%B4%A0%E9%A3%9F%E9%A4%A8/@25.0925155,121.5254184,20.5z/data=!4m6!3m5!1s0x3442aebb35a58df1:0x88de55f48cc298fb!8m2!3d25.092447!4d121.525374!16s%2Fg%2F1tx_41mn?authuser=0&entry=tts&g_ep=EgoyMDI1MDUwNS4wIPu8ASoASAFQAw%3D%3D&skid=d1625502-f91e-4746-9576-4cebf8bf1c55",,,0,,25.092447,121.525374
士林夜市,暮色茶坊,暮色茶坊,台北市,士林區,,場長棟古蹟 ,"https://www.google.com.tw/maps/place/%E5%9C%93%E9%80%9A%E7%B4%A0%E9%A3%9F%E9%A4%A8/@25.0925155,121.5254184,20.5z/data=!4m6!3m5!1s0x3442aebb35a58df1:0x88de55f48cc298fb!8m2!3d25.092447!4d121.525374!16s%2Fg%2F1tx_41mn?authuser=0&entry=tts&g_ep=EgoyMDI1MDUwNS4wIPu8ASoASAFQAw%3D%3D&skid=d1625502-f91e-4746-9576-4cebf8bf1c55",4.6,,14,"紅茶,價格,巧克力,支付,拿鐵",25.092447,121.525374
士林夜市,士林蛇肉湯 鱉肉湯,士林蛇肉湯 鱉肉湯,台北市,士林區,, ,"https://www.google.com.tw/maps/place/%E5%9C%93%E9%80%9A%E7%B4%A0%E9%A3%9F%E9%A4%A8/@25.0925155,121.5254184,20.5z/data=!4m6!3m5!1s0x3442aebb35a58df1:0x88de55f48cc298fb!8m2!3d25.092447!4d121.525374!16s%2Fg%2F1tx_41mn?authuser=0&entry=tts&g_ep=EgoyMDI1MDUwNS4wIPu8ASoASAFQAw%3D%3D&skid=d1625502-f91e-4746-9576-4cebf8bf1c55",4.6,$200-400,38,"夜市,雞湯,皮膚,價格",25.092447,121.525374
士林夜市,雞蛋蚵仔煎,雞蛋蚵仔煎,台北市,士林區,, ,"https://www.google.com.tw/maps/place/%E5%9C%93%E9%80%9A%E7%B4%A0%E9%A3%9F%E9%A4%A8/@25.0925155,121.5254184,20.5z/data=!4m6!3m5!1s0x3442aebb35a58df1:0x88de55f48cc298fb!8m2!3d25.092447!4d121.525374!16s%2Fg%2F1tx_41mn?authuser=0&entry=tts&g_ep=EgoyMDI1MDUwNS4wIPu8ASoASAFQAw%3D%3D&skid=d1625502-f91e-4746-9576-4cebf8bf1c55",2.8,$1-200,46,"炒飯,價格,蝦仁,滷肉飯,炒麵,士林夜市,口感,沙茶,果醬,蛤蜊",25.092447,121.525374
士林夜市,24H拉麵圖書館,24H拉麵圖書館,台北市,士林區,, ,"https://www.google.com.tw/maps/place/%E5%9C%93%E9%80%9A%E7%B4%A0%E9%A3%9F%E9%A4%A8/@25.0925155,121.5254184,20.5z/data=!4m6!3m5!1s0x3442aebb35a58df1:0x88de55f48cc298fb!8m2!3d25.092447!4d121.525374!16s%2Fg%2F1tx_41mn?authuser=0&entry=tts&g_ep=EgoyMDI1MDUwNS4wIPu8ASoASAFQAw%3D%3D&skid=d1625502-f91e-4746-9576-4cebf8bf1c55",4.5,$1-200,90,"泡麵,價格,煮,選擇,新奇,洋甘菊,鋁箔,按鈕,DIY,玉米粒",25.092447,121.525374
